year,state,janprcp,febprcp,marprcp,aprprcp,mayprcp,junprcp,julprcp,augprcp,sepprcp,octprcp,novprcp,decprcp,totprcp,jancold,febcold,marcold,aprcold,maycold,juncold,julcold,augcold,sepcold,octcold,novcold,deccold,totcold,janheat,febheat,marheat,aprheat,mayheat,junheat,julheat,augheat,sepheat,octheat,novheat,decheat,totheat,janprcp_1,febprcp_1,marprcp_1,aprprcp_1,mayprcp_1,junprcp_1,julprcp_1,augprcp_1,sepprcp_1,octprcp_1,novprcp_1,decprcp_1,totprcp_1,jancold_1,febcold_1,marcold_1,aprcold_1,maycold_1,juncold_1,julcold_1,augcold_1,sepcold_1,octcold_1,novcold_1,deccold_1,totcold_1,janheat_1,febheat_1,marheat_1,aprheat_1,mayheat_1,junheat_1,julheat_1,augheat_1,sepheat_1,octheat_1,novheat_1,decheat_1,totheat_1,janprcp_2,febprcp_2,marprcp_2,aprprcp_2,mayprcp_2,junprcp_2,julprcp_2,augprcp_2,sepprcp_2,octprcp_2,novprcp_2,decprcp_2,totprcp_2,jancold_2,febcold_2,marcold_2,aprcold_2,maycold_2,juncold_2,julcold_2,augcold_2,sepcold_2,octcold_2,novcold_2,deccold_2,totcold_2,janheat_2,febheat_2,marheat_2,aprheat_2,mayheat_2,junheat_2,julheat_2,augheat_2,sepheat_2,octheat_2,novheat_2,decheat_2,totheat_2,janprcp_3,febprcp_3,marprcp_3,aprprcp_3,mayprcp_3,junprcp_3,julprcp_3,augprcp_3,sepprcp_3,octprcp_3,novprcp_3,decprcp_3,totprcp_3,jancold_3,febcold_3,marcold_3,aprcold_3,maycold_3,juncold_3,julcold_3,augcold_3,sepcold_3,octcold_3,novcold_3,deccold_3,totcold_3,janheat_3,febheat_3,marheat_3,aprheat_3,mayheat_3,junheat_3,julheat_3,augheat_3,sepheat_3,octheat_3,novheat_3,decheat_3,totheat_3,janprcp_4,febprcp_4,marprcp_4,aprprcp_4,mayprcp_4,junprcp_4,julprcp_4,augprcp_4,sepprcp_4,octprcp_4,novprcp_4,decprcp_4,totprcp_4,jancold_4,febcold_4,marcold_4,aprcold_4,maycold_4,juncold_4,julcold_4,augcold_4,sepcold_4,octcold_4,novcold_4,deccold_4,totcold_4,janheat_4,febheat_4,marheat_4,aprheat_4,mayheat_4,junheat_4,julheat_4,augheat_4,sepheat_4,octheat_4,novheat_4,decheat_4,totheat_4,janprcp_5,febprcp_5,marprcp_5,aprprcp_5,mayprcp_5,junprcp_5,julprcp_5,augprcp_5,sepprcp_5,octprcp_5,novprcp_5,decprcp_5,totprcp_5,jancold_5,febcold_5,marcold_5,aprcold_5,maycold_5,juncold_5,julcold_5,augcold_5,sepcold_5,octcold_5,novcold_5,deccold_5,totcold_5,janheat_5,febheat_5,marheat_5,aprheat_5,mayheat_5,junheat_5,julheat_5,augheat_5,sepheat_5,octheat_5,novheat_5,decheat_5,totheat_5
1991,mississippi,5.8500000000000005,7.77,5.1899999999999995,15.379999999999997,8.750000000000002,5.330000000000001,1.98,2.31,4.890000000000001,0.37,3.48,4.119999999999999,65.41999999999999,10.0,8.0,3.0,0.0,0.0,0.0,0.0,0.0,0.0,0.0,16.0,13.0,50.0,0.0,0.0,0.0,0.0,0.0,5.0,19.0,16.0,12.0,0.0,0.0,0.0,52.0,9.9,12.71,5.879999999999999,3.33,4.0,2.5400000000000005,1.44,1.37,2.01,0.9900000000000001,4.25,4.739999999999999,53.16,12.0,2.0,3.0,1.0,0.0,0.0,0.0,0.0,0.0,5.0,3.0,14.0,40.0,0.0,0.0,0.0,0.0,0.0,16.0,21.0,27.0,21.0,2.0,0.0,0.0,87.0,4.22,2.5300000000000002,6.84,2.92,5.57,6.21,8.409999999999998,0.6400000000000001,6.809999999999999,3.76,5.719999999999999,4.79,58.41999999999999,8.0,10.0,3.0,2.0,0.0,0.0,0.0,0.0,0.0,2.0,7.0,21.0,53.0,0.0,0.0,0.0,0.0,0.0,1.0,8.0,17.0,9.0,0.0,0.0,0.0,35.0,0.0,4.430000000000001,4.21,5.63,1.6300000000000001,0.58,4.630000000000001,5.7,5.969999999999999,4.340000000000001,5.81,3.62,46.550000000000004,0.0,15.0,5.0,0.0,0.0,0.0,0.0,0.0,0.0,0.0,3.0,17.0,40.0,0.0,0.0,0.0,0.0,0.0,17.0,14.0,16.0,4.0,0.0,0.0,0.0,51.0,6.43,10.83,4.33,0.67,8.97,3.98,2.16,2.73,2.31,0.09,3.9800000000000004,3.81,50.28999999999999,22.0,5.0,6.0,3.0,0.0,0.0,0.0,0.0,0.0,5.0,9.0,7.0,57.0,0.0,0.0,0.0,3.0,2.0,3.0,22.0,24.0,9.0,0.0,0.0,0.0,63.0,1.29,2.5300000000000002,3.62,3.06,6.569999999999999,1.75,2.1100000000000003,2.97,4.39,6.79,10.31,6.39,51.78,26.0,7.0,7.0,0.0,0.0,0.0,0.0,0.0,0.0,0.0,2.0,7.0,49.0,0.0,0.0,0.0,0.0,1.0,17.0,27.0,17.0,7.0,1.0,0.0,0.0,70.0
1996,mississippi,6.45,1.95,9.23,4.4,1.65,3.82,4.249999999999999,4.1499999999999995,4.589999999999999,1.8800000000000001,3.14,3.38,48.89,18.0,12.0,10.0,1.0,0.0,0.0,0.0,0.0,0.0,1.0,5.0,12.0,59.0,0.0,0.0,0.0,0.0,9.0,17.0,24.0,16.0,4.0,0.0,0.0,0.0,70.0,3.8,3.04,6.549999999999999,7.199999999999999,6.410000000000001,2.98,1.5300000000000002,8.78,2.42,5.27,5.5,6.77,60.25,13.0,15.0,3.0,0.0,0.0,0.0,0.0,0.0,0.0,0.0,15.0,17.0,63.0,0.0,0.0,0.0,0.0,0.0,10.0,24.0,27.0,17.0,0.0,0.0,0.0,78.0,8.91,7.540000000000001,6.0,5.72,2.1799999999999997,3.0900000000000003,6.949999999999999,1.3,1.2200000000000002,4.9399999999999995,2.78,6.580000000000001,57.209999999999994,17.0,11.0,4.0,1.0,0.0,0.0,0.0,0.0,0.0,0.0,2.0,13.0,48.0,0.0,0.0,0.0,0.0,0.0,13.0,11.0,13.0,6.0,1.0,0.0,0.0,44.0,9.1,3.64,6.25,5.9399999999999995,3.63,6.9399999999999995,9.75,3.45,3.0700000000000003,4.9799999999999995,9.67,3.22,69.64,7.0,17.0,7.0,0.0,0.0,0.0,0.0,0.0,0.0,1.0,11.0,10.0,53.0,0.0,0.0,0.0,0.0,0.0,16.0,24.0,26.0,13.0,0.0,0.0,0.0,79.0,4.89,5.040000000000001,3.21,3.1399999999999997,0.9900000000000002,7.77,3.61,5.369999999999999,0.98,2.9699999999999998,12.66,5.64,56.269999999999996,14.0,11.0,4.0,2.0,0.0,0.0,0.0,0.0,0.0,0.0,5.0,6.0,42.0,0.0,0.0,0.0,0.0,1.0,10.0,21.0,7.0,5.0,0.0,0.0,0.0,44.0,5.8500000000000005,7.77,5.1899999999999995,15.379999999999997,8.750000000000002,5.330000000000001,1.98,2.31,4.890000000000001,0.37,3.48,4.119999999999999,65.41999999999999,10.0,8.0,3.0,0.0,0.0,0.0,0.0,0.0,0.0,0.0,16.0,13.0,50.0,0.0,0.0,0.0,0.0,0.0,5.0,19.0,16.0,12.0,0.0,0.0,0.0,52.0
2001,mississippi,6.69,3.3899999999999997,8.180000000000001,4.57,3.78,5.55,2.7600000000000002,5.9799999999999995,4.680000000000001,5.77,3.8100000000000005,5.579999999999999,60.739999999999995,15.0,10.0,4.0,0.0,0.0,0.0,0.0,0.0,0.0,5.0,3.0,12.0,49.0,0.0,0.0,0.0,0.0,0.0,4.0,23.0,20.0,1.0,0.0,0.0,0.0,48.0,5.419999999999999,1.37,4.04,5.03,1.78,3.92,3.5,3.55,1.4200000000000002,1.22,9.18,3.25,43.68000000000001,14.0,12.0,2.0,1.0,0.0,0.0,0.0,0.0,0.0,3.0,11.0,21.0,64.0,0.0,0.0,0.0,0.0,5.0,16.0,30.0,27.0,12.0,1.0,0.0,0.0,91.0,9.18,2.84,6.169999999999999,0.9000000000000001,2.27,7.249999999999999,2.7500000000000004,2.67,3.6199999999999997,2.9,0.8300000000000001,3.84,45.219999999999985,11.0,8.0,4.0,1.0,0.0,0.0,0.0,0.0,0.0,3.0,9.0,19.0,55.0,0.0,0.0,0.0,0.0,1.0,11.0,26.0,29.0,11.0,0.0,0.0,0.0,78.0,12.270000000000001,6.8100000000000005,4.71,8.01,0.43000000000000005,5.67,5.709999999999998,4.33,1.91,1.05,4.08,5.369999999999999,60.349999999999994,11.0,7.0,9.0,1.0,0.0,0.0,0.0,0.0,0.0,0.0,2.0,11.0,41.0,0.0,0.0,0.0,0.0,6.0,27.0,24.0,25.0,14.0,3.0,0.0,0.0,99.0,5.199999999999999,7.449999999999998,3.56,11.969999999999999,4.85,5.359999999999999,3.72,2.72,1.54,5.63,3.5500000000000003,5.73,61.27999999999999,15.0,3.0,0.0,0.0,0.0,0.0,0.0,0.0,0.0,0.0,6.0,9.0,33.0,0.0,0.0,0.0,0.0,0.0,4.0,24.0,16.0,13.0,1.0,0.0,0.0,58.0,6.45,1.95,9.23,4.4,1.65,3.82,4.249999999999999,4.1499999999999995,4.589999999999999,1.8800000000000001,3.14,3.38,48.89,18.0,12.0,10.0,1.0,0.0,0.0,0.0,0.0,0.0,1.0,5.0,12.0,59.0,0.0,0.0,0.0,0.0,9.0,17.0,24.0,16.0,4.0,0.0,0.0,0.0,70.0
2006,mississippi,5.289999999999999,6.03,6.1899999999999995,1.3399999999999999,6.83,2.3400000000000003,0.0,3.77,1.7500000000000002,5.65,2.21,5.74,47.14,12.0,16.0,5.0,0.0,0.0,0.0,0.0,0.0,0.0,0.0,14.0,17.0,64.0,0.0,0.0,0.0,1.0,8.0,20.0,0.0,27.0,11.0,5.0,0.0,0.0,72.0,3.6000000000000005,6.05,5.76,9.38,2.6,3.5400000000000005,7.09,7.38,3.6,0.04,2.1999999999999997,5.12,56.36,12.0,9.0,4.0,1.0,0.0,0.0,0.0,0.0,0.0,6.0,12.0,24.0,68.0,0.0,0.0,0.0,0.0,3.0,15.0,22.0,28.0,14.0,0.0,0.0,0.0,82.0,4.09,10.77,1.96,3.33,3.6799999999999997,7.82,4.69,3.97,3.19,6.59,6.779999999999999,4.17,61.03999999999999,19.0,13.0,4.0,2.0,0.0,0.0,0.0,0.0,0.0,0.0,4.0,21.0,63.0,0.0,0.0,0.0,0.0,1.0,9.0,19.0,10.0,2.0,0.0,0.0,0.0,41.0,3.3699999999999997,8.2,4.2,11.05,3.2700000000000005,10.18,11.11,5.699999999999999,2.88,2.91,5.63,3.1100000000000003,71.61,23.0,14.0,1.0,0.0,0.0,0.0,0.0,0.0,0.0,0.0,5.0,24.0,67.0,0.0,0.0,0.0,0.0,0.0,4.0,14.0,16.0,1.0,0.0,0.0,0.0,35.0,4.93,3.56,0.0,2.65,2.52,2.17,4.04,2.21,9.67,10.049999999999999,2.89,6.3599999999999985,51.05,15.0,18.0,0.0,0.0,0.0,0.0,0.0,0.0,0.0,0.0,11.0,21.0,65.0,0.0,0.0,0.0,0.0,2.0,12.0,25.0,21.0,15.0,1.0,0.0,0.0,76.0,6.69,3.3899999999999997,8.180000000000001,4.57,3.78,5.55,2.7600000000000002,5.9799999999999995,4.680000000000001,5.77,3.8100000000000005,5.579999999999999,60.739999999999995,15.0,10.0,4.0,0.0,0.0,0.0,0.0,0.0,0.0,5.0,3.0,12.0,49.0,0.0,0.0,0.0,0.0,0.0,4.0,23.0,20.0,1.0,0.0,0.0,0.0,48.0
2011,mississippi,5.08,2.63,8.309999999999999,4.2700000000000005,0.69,4.5,7.0,1.7600000000000002,7.890000000000001,0.9800000000000001,3.08,5.26,51.449999999999996,19.0,13.0,4.0,0.0,0.0,0.0,0.0,0.0,0.0,4.0,7.0,15.0,62.0,0.0,0.0,0.0,0.0,5.0,27.0,22.0,31.0,5.0,0.0,0.0,0.0,90.0,4.08,3.9,6.159999999999999,4.2700000000000005,5.1899999999999995,2.87,3.3299999999999996,3.4,0.33999999999999997,3.33,5.87,1.3,44.04,20.0,21.0,6.0,0.0,0.0,0.0,0.0,0.0,0.0,0.0,0.0,23.0,70.0,0.0,0.0,0.0,0.0,3.0,25.0,28.0,24.0,24.0,4.0,0.0,0.0,108.0,3.5100000000000002,3.53,7.390000000000001,2.05,6.02,0.61,4.7700000000000005,4.47,8.59,7.029999999999999,1.57,7.690000000000001,57.230000000000004,18.0,13.0,5.0,3.0,0.0,0.0,0.0,0.0,0.0,0.0,5.0,14.0,58.0,0.0,0.0,0.0,0.0,0.0,20.0,19.0,16.0,4.0,0.0,0.0,0.0,59.0,3.64,7.85,3.47,3.1000000000000005,7.989999999999999,2.39,4.07,9.839999999999998,5.9,2.83,2.64,8.13,61.85,18.0,18.0,8.0,2.0,0.0,0.0,0.0,0.0,0.0,4.0,14.0,14.0,78.0,0.0,0.0,0.0,0.0,1.0,19.0,29.0,12.0,3.0,0.0,0.0,0.0,64.0,3.46,2.11,0.55,3.1399999999999997,2.16,2.48,4.86,2.84,2.9400000000000004,2.35,2.13,4.68,33.7,17.0,17.0,7.0,4.0,0.0,0.0,0.0,0.0,0.0,0.0,8.0,12.0,65.0,0.0,0.0,0.0,0.0,4.0,22.0,12.0,30.0,10.0,1.0,0.0,0.0,79.0,5.289999999999999,6.03,6.1899999999999995,1.3399999999999999,6.83,2.3400000000000003,0.0,3.77,1.7500000000000002,5.65,2.21,5.74,47.14,12.0,16.0,5.0,0.0,0.0,0.0,0.0,0.0,0.0,0.0,14.0,17.0,64.0,0.0,0.0,0.0,1.0,8.0,20.0,0.0,27.0,11.0,5.0,0.0,0.0,72.0
1991,wisconsin,0.66,0.72,3.01,3.3600000000000003,5.0600000000000005,8.09,4.3100000000000005,2.47,9.940000000000001,1.05,6.05,0.81,45.53,31.0,27.0,25.0,7.0,0.0,0.0,0.0,0.0,0.0,7.0,26.0,31.0,154.0,0.0,0.0,0.0,0.0,0.0,1.0,0.0,2.0,0.0,0.0,0.0,0.0,3.0,0.54,2.17,3.02,4.390000000000001,3.55,6.08,2.39,5.6,0.0,3.3,0.5,0.61,32.150000000000006,31.0,28.0,25.0,16.0,2.0,0.0,0.0,0.0,0.0,11.0,23.0,31.0,167.0,0.0,0.0,0.0,0.0,0.0,0.0,2.0,0.0,0.0,0.0,0.0,0.0,2.0,0.83,0.5,5.01,0.0,4.2299999999999995,3.62,0.0,6.619999999999999,2.8200000000000003,1.21,0.52,0.29,25.650000000000002,30.0,28.0,29.0,0.0,5.0,0.0,0.0,0.0,3.0,19.0,29.0,31.0,174.0,0.0,0.0,0.0,0.0,0.0,0.0,0.0,2.0,0.0,0.0,0.0,0.0,2.0,1.3499999999999999,0.21000000000000002,1.88,1.2700000000000002,1.22,2.06,1.07,4.17,7.18,0.73,4.31,1.19,26.64,30.0,29.0,30.0,22.0,0.0,0.0,0.0,0.0,0.0,19.0,28.0,31.0,189.0,0.0,0.0,0.0,0.0,3.0,9.0,14.0,9.0,0.0,0.0,0.0,0.0,35.0,0.74,0.17,0.73,0.0,2.73,1.7200000000000002,8.68,2.87,3.69,2.31,2.18,1.6800000000000002,27.5,31.0,28.0,25.0,8.0,0.0,0.0,0.0,0.0,0.0,19.0,24.0,31.0,166.0,0.0,0.0,0.0,0.0,0.0,7.0,9.0,4.0,1.0,0.0,0.0,0.0,21.0,0.59,1.35,1.1,4.830000000000001,2.5700000000000003,2.98,5.96,2.19,5.300000000000001,1.93,1.29,0.49999999999999994,30.590000000000003,31.0,28.0,28.0,8.0,2.0,0.0,0.0,0.0,0.0,10.0,29.0,31.0,167.0,0.0,0.0,0.0,0.0,0.0,2.0,3.0,0.0,0.0,0.0,0.0,0.0,5.0
1996,wisconsin,2.82,0.62,2.4699999999999998,1.04,5.51,5.7,3.2199999999999998,2.44,2.15,4.89,4.93,2.29,38.08,31.0,29.0,29.0,21.0,0.0,0.0,0.0,0.0,0.0,6.0,27.0,31.0,174.0,0.0,0.0,0.0,0.0,0.0,2.0,0.0,1.0,0.0,0.0,0.0,0.0,3.0,0.43,0.51,2.45,2.37,3.2,3.21,4.87,8.56,3.2,6.140000000000001,1.28,1.08,37.3,30.0,28.0,21.0,15.0,0.0,0.0,0.0,0.0,2.0,5.0,28.0,31.0,160.0,0.0,0.0,0.0,0.0,0.0,6.0,3.0,0.0,0.0,0.0,0.0,0.0,9.0,1.04,0.98,0.31,3.6,1.1,5.609999999999999,4.739999999999998,3.05,5.95,3.3200000000000003,1.9700000000000002,0.53,32.199999999999996,31.0,27.0,29.0,17.0,1.0,0.0,0.0,0.0,0.0,2.0,18.0,31.0,156.0,0.0,0.0,0.0,0.0,0.0,1.0,0.0,0.0,0.0,0.0,0.0,0.0,1.0,1.17,0.15,0.57,2.74,6.13,7.789999999999999,2.9399999999999995,3.4,2.7500000000000004,1.7899999999999998,3.04,0.31000000000000005,32.779999999999994,31.0,28.0,29.0,14.0,0.0,0.0,0.0,0.0,0.0,12.0,27.0,30.0,171.0,0.0,0.0,0.0,0.0,0.0,0.0,0.0,0.0,0.0,0.0,0.0,0.0,0.0,0.64,0.33,0.74,2.47,4.19,2.61,5.950000000000001,3.7399999999999998,2.0300000000000002,2.2399999999999998,2.18,0.83,27.949999999999996,31.0,28.0,26.0,12.0,0.0,0.0,0.0,0.0,1.0,11.0,27.0,31.0,167.0,0.0,0.0,0.0,0.0,0.0,0.0,0.0,0.0,0.0,0.0,0.0,0.0,0.0,0.66,0.72,3.01,3.3600000000000003,5.0600000000000005,8.09,4.3100000000000005,2.47,9.940000000000001,1.05,6.05,0.81,45.53,31.0,27.0,25.0,7.0,0.0,0.0,0.0,0.0,0.0,7.0,26.0,31.0,154.0,0.0,0.0,0.0,0.0,0.0,1.0,0.0,2.0,0.0,0.0,0.0,0.0,3.0
2001,wisconsin,1.2400000000000002,1.7400000000000002,0.8300000000000001,7.6899999999999995,4.030000000000001,5.15,2.4,7.409999999999999,3.38,2.52,2.31,1.02,39.720000000000006,31.0,28.0,28.0,8.0,0.0,0.0,0.0,0.0,0.0,8.0,15.0,29.0,147.0,0.0,0.0,0.0,0.0,0.0,0.0,5.0,5.0,0.0,0.0,0.0,0.0,10.0,1.12,3.1,1.37,2.02,0.0,5.14,9.389999999999999,6.340000000000001,1.42,1.2500000000000002,5.84,1.0699999999999998,38.059999999999995,31.0,26.0,20.0,13.0,0.0,0.0,0.0,0.0,1.0,5.0,23.0,31.0,150.0,0.0,0.0,0.0,0.0,0.0,1.0,0.0,0.0,0.0,0.0,0.0,0.0,1.0,1.86,0.99,1.57,3.0,4.58,4.72,7.6499999999999995,4.239999999999999,3.23,0.89,0.9400000000000001,0.28,33.949999999999996,31.0,28.0,26.0,1.0,0.0,0.0,0.0,0.0,0.0,4.0,21.0,31.0,142.0,0.0,0.0,0.0,0.0,0.0,0.0,3.0,1.0,0.0,0.0,0.0,0.0,4.0,1.3900000000000001,1.51,3.44,1.27,5.290000000000001,5.72,2.39,4.859999999999999,2.3600000000000003,3.8699999999999997,2.32,1.6300000000000003,36.050000000000004,31.0,19.0,24.0,2.0,0.0,0.0,0.0,0.0,0.0,1.0,25.0,26.0,128.0,0.0,0.0,0.0,0.0,0.0,0.0,1.0,0.0,0.0,0.0,0.0,0.0,1.0,2.02,0.08,1.5699999999999998,0.7500000000000001,2.08,2.84,8.29,4.9399999999999995,5.090000000000001,2.27,0.8500000000000001,0.42000000000000004,31.200000000000003,31.0,28.0,28.0,13.0,2.0,0.0,0.0,0.0,0.0,7.0,28.0,31.0,168.0,0.0,0.0,0.0,0.0,0.0,0.0,0.0,0.0,0.0,0.0,0.0,0.0,0.0,2.82,0.62,2.4699999999999998,1.04,5.51,5.7,3.2199999999999998,2.44,2.15,4.89,4.93,2.29,38.08,31.0,29.0,29.0,21.0,0.0,0.0,0.0,0.0,0.0,6.0,27.0,31.0,174.0,0.0,0.0,0.0,0.0,0.0,2.0,0.0,1.0,0.0,0.0,0.0,0.0,3.0
2006,wisconsin,1.12,0.64,2.23,2.3,3.36,1.44,4.06,4.819999999999999,1.55,1.5300000000000002,0.63,1.1700000000000002,24.85,31.0,28.0,30.0,6.0,0.0,0.0,0.0,0.0,0.0,19.0,26.0,30.0,170.0,0.0,0.0,0.0,0.0,1.0,0.0,5.0,1.0,0.0,0.0,0.0,0.0,7.0,1.22,1.01,1.73,0.81,2.5900000000000003,6.2299999999999995,1.1300000000000001,2.01,3.38,7.279999999999999,3.03,1.06,31.48,31.0,28.0,28.0,11.0,3.0,0.0,0.0,0.0,0.0,3.0,19.0,31.0,154.0,0.0,0.0,0.0,0.0,0.0,2.0,2.0,2.0,0.0,0.0,0.0,0.0,6.0,0.62,2.02,2.58,0.0,5.9399999999999995,3.27,5.57,3.7999999999999994,4.16,4.27,1.06,1.0,34.290000000000006,31.0,29.0,25.0,0.0,2.0,0.0,0.0,0.0,0.0,5.0,21.0,31.0,144.0,0.0,0.0,0.0,0.0,0.0,1.0,0.0,0.0,0.0,0.0,0.0,0.0,1.0,0.18,0.56,2.0999999999999996,2.59,6.079999999999999,4.47,4.0200000000000005,1.49,2.4399999999999995,1.54,1.15,1.02,27.63999999999999,31.0,28.0,25.0,13.0,0.0,0.0,0.0,0.0,1.0,8.0,22.0,30.0,158.0,0.0,0.0,0.0,0.0,0.0,0.0,0.0,2.0,0.0,0.0,0.0,0.0,2.0,0.25,1.1700000000000002,2.26,4.51,3.4299999999999997,3.57,2.76,5.76,5.2,5.3999999999999995,0.1,0.38,34.790000000000006,30.0,27.0,29.0,15.0,4.0,0.0,0.0,0.0,0.0,18.0,27.0,30.0,180.0,0.0,0.0,0.0,0.0,0.0,0.0,2.0,0.0,1.0,0.0,0.0,0.0,3.0,1.2400000000000002,1.7400000000000002,0.8300000000000001,7.6899999999999995,4.030000000000001,5.15,2.4,7.409999999999999,3.38,2.52,2.31,1.02,39.720000000000006,31.0,28.0,28.0,8.0,0.0,0.0,0.0,0.0,0.0,8.0,15.0,29.0,147.0,0.0,0.0,0.0,0.0,0.0,0.0,5.0,5.0,0.0,0.0,0.0,0.0,10.0
2011,wisconsin,0.9500000000000001,1.04,2.1900000000000004,2.11,2.7100000000000004,2.92,5.3,4.840000000000001,1.44,0.36,0.66,0.8400000000000001,25.360000000000003,31.0,28.0,29.0,17.0,3.0,0.0,0.0,0.0,0.0,5.0,22.0,29.0,164.0,0.0,0.0,0.0,0.0,0.0,1.0,4.0,0.0,0.0,0.0,0.0,0.0,5.0,0.62,0.45,1.07,1.45,3.4000000000000004,5.37,6.34,7.1,6.5,2.5100000000000002,1.3900000000000001,2.05,38.24999999999999,31.0,28.0,27.0,2.0,1.0,0.0,0.0,0.0,0.0,6.0,24.0,31.0,150.0,0.0,0.0,0.0,0.0,0.0,0.0,0.0,2.0,0.0,0.0,0.0,0.0,2.0,0.5,0.86,1.3900000000000001,1.3199999999999998,1.11,2.53,1.7600000000000002,5.780000000000001,1.1600000000000001,5.620000000000001,0.78,2.1199999999999997,24.930000000000007,30.0,28.0,27.0,18.0,0.0,0.0,0.0,0.0,0.0,13.0,19.0,31.0,166.0,0.0,0.0,0.0,0.0,0.0,1.0,0.0,0.0,0.0,0.0,0.0,0.0,1.0,0.31,0.68,0.9299999999999999,5.11,4.45,5.289999999999999,2.8499999999999996,1.19,2.66,2.55,1.06,1.9900000000000002,29.07,31.0,29.0,30.0,21.0,0.0,0.0,0.0,0.0,0.0,8.0,22.0,31.0,172.0,0.0,0.0,0.0,0.0,0.0,0.0,0.0,0.0,0.0,0.0,0.0,0.0,0.0,1.2200000000000002,0.86,1.7800000000000002,0.9500000000000001,2.54,2.63,4.71,2.8499999999999996,5.66,6.3999999999999995,0.16,1.8700000000000003,31.63,30.0,28.0,21.0,13.0,0.0,0.0,0.0,0.0,2.0,4.0,24.0,30.0,152.0,0.0,0.0,0.0,0.0,0.0,0.0,3.0,1.0,0.0,0.0,0.0,0.0,4.0,1.12,0.64,2.23,2.3,3.36,1.44,4.06,4.819999999999999,1.55,1.5300000000000002,0.63,1.1700000000000002,24.85,31.0,28.0,30.0,6.0,0.0,0.0,0.0,0.0,0.0,19.0,26.0,30.0,170.0,0.0,0.0,0.0,0.0,1.0,0.0,5.0,1.0,0.0,0.0,0.0,0.0,7.0
1991,tennessee,3.69,7.1,4.33,3.3899999999999997,6.300000000000001,4.11,2.6799999999999997,1.4300000000000002,3.98,3.72,4.58,6.51,51.81999999999999,21.0,16.0,8.0,0.0,0.0,0.0,0.0,0.0,0.0,0.0,16.0,13.0,74.0,0.0,0.0,0.0,0.0,0.0,4.0,20.0,15.0,10.0,0.0,0.0,0.0,49.0,4.390000000000001,7.269999999999999,3.8199999999999994,2.12,5.39,3.68,1.7400000000000002,1.88,3.09,5.3,3.5999999999999996,12.540000000000001,54.82,16.0,9.0,9.0,6.0,0.0,0.0,0.0,0.0,0.0,2.0,3.0,17.0,62.0,0.0,0.0,0.0,0.0,0.0,13.0,19.0,15.0,7.0,0.0,0.0,0.0,54.0,6.69,10.799999999999999,7.5200000000000005,3.3100000000000005,3.7599999999999993,6.2,4.1,3.1299999999999994,4.3,2.8,3.0399999999999996,2.45,58.1,16.0,19.0,11.0,6.0,0.0,0.0,0.0,0.0,0.0,0.0,12.0,27.0,91.0,0.0,0.0,0.0,2.0,1.0,5.0,13.0,14.0,3.0,1.0,0.0,0.0,39.0,3.6099999999999994,3.86,3.24,1.4,2.5600000000000005,0.46,3.24,3.89,4.0,2.84,7.33,7.010000000000001,43.44,21.0,23.0,12.0,1.0,0.0,0.0,0.0,0.0,0.0,4.0,11.0,20.0,92.0,0.0,0.0,0.0,0.0,2.0,21.0,18.0,22.0,1.0,0.0,0.0,0.0,64.0,1.6800000000000002,4.74,1.96,3.2700000000000005,0.0,2.4899999999999998,4.68,0.6799999999999999,3.42,0.37,5.399999999999999,7.430000000000001,36.120000000000005,25.0,18.0,9.0,4.0,0.0,0.0,0.0,0.0,0.0,4.0,10.0,16.0,86.0,0.0,0.0,0.0,0.0,0.0,15.0,18.0,21.0,6.0,0.0,0.0,0.0,60.0,1.05,5.959999999999999,2.6799999999999997,0.81,3.08,3.3999999999999995,2.3800000000000003,1.9500000000000002,3.48,2.4000000000000004,7.59,3.7199999999999998,38.5,28.0,13.0,12.0,1.0,0.0,0.0,0.0,0.0,0.0,0.0,5.0,20.0,79.0,0.0,0.0,0.0,0.0,1.0,11.0,29.0,11.0,6.0,0.0,0.0,0.0,58.0
1996,tennessee,4.47,3.0999999999999996,6.369999999999999,3.64,6.45,6.919999999999999,6.8999999999999995,1.79,6.73,4.280000000000001,6.129999999999999,5.04,61.819999999999986,23.0,16.0,17.0,4.0,0.0,0.0,0.0,0.0,0.0,0.0,12.0,15.0,87.0,0.0,0.0,0.0,0.0,5.0,13.0,10.0,12.0,0.0,0.0,0.0,0.0,40.0,4.52,2.56,2.81,4.29,9.520000000000001,4.98,5.0,2.43,1.6300000000000001,3.17,6.21,1.9300000000000002,49.05000000000001,21.0,18.0,7.0,1.0,0.0,0.0,0.0,0.0,0.0,0.0,19.0,18.0,84.0,0.0,0.0,0.0,1.0,0.0,1.0,16.0,27.0,5.0,0.0,0.0,0.0,50.0,5.5,6.609999999999999,7.199999999999999,8.05,2.9299999999999997,0.0,3.9199999999999995,1.6199999999999999,2.95,3.7800000000000002,3.41,2.9400000000000004,48.91,19.0,20.0,8.0,4.0,0.0,0.0,0.0,0.0,0.0,1.0,4.0,16.0,72.0,0.0,0.0,0.0,0.0,0.0,0.0,9.0,12.0,4.0,0.0,0.0,0.0,25.0,4.17,4.239999999999999,4.44,2.4499999999999997,7.71,3.3400000000000003,3.8999999999999995,2.83,4.52,3.2499999999999996,3.57,5.499999999999999,49.919999999999995,19.0,20.0,12.0,2.0,0.0,0.0,0.0,0.0,0.0,2.0,17.0,20.0,92.0,0.0,0.0,0.0,0.0,1.0,11.0,30.0,20.0,5.0,0.0,0.0,0.0,67.0,1.75,3.0200000000000005,5.6,1.4000000000000001,5.289999999999999,3.7100000000000004,3.16,3.3699999999999997,2.37,1.6800000000000002,2.82,3.33,37.5,21.0,8.0,13.0,3.0,0.0,0.0,0.0,0.0,0.0,1.0,6.0,17.0,69.0,0.0,0.0,0.0,0.0,0.0,4.0,16.0,4.0,1.0,0.0,0.0,0.0,25.0,3.69,7.1,4.33,3.3899999999999997,6.300000000000001,4.11,2.6799999999999997,1.4300000000000002,3.98,3.72,4.58,6.51,51.81999999999999,21.0,16.0,8.0,0.0,0.0,0.0,0.0,0.0,0.0,0.0,16.0,13.0,74.0,0.0,0.0,0.0,0.0,0.0,4.0,20.0,15.0,10.0,0.0,0.0,0.0,49.0
2001,tennessee,2.48,5.47,2.64,2.3500000000000005,6.9399999999999995,3.33,2.67,2.7300000000000004,2.83,7.71,7.97,5.47,52.59,22.0,11.0,12.0,0.0,0.0,0.0,0.0,0.0,0.0,1.0,4.0,13.0,63.0,0.0,0.0,0.0,0.0,0.0,6.0,12.0,11.0,2.0,0.0,0.0,0.0,31.0,2.04,3.3199999999999994,3.52,6.510000000000001,8.530000000000001,0.75,2.03,4.07,4.090000000000001,0.5800000000000001,3.78,3.0799999999999996,42.300000000000004,22.0,11.0,2.0,1.0,0.0,0.0,0.0,0.0,0.0,1.0,9.0,30.0,76.0,0.0,0.0,0.0,0.0,0.0,12.0,20.0,17.0,5.0,0.0,0.0,0.0,54.0,9.74,2.39,4.489999999999999,3.1199999999999997,3.169999999999999,7.1,3.6399999999999997,1.33,2.09,4.41,1.4100000000000001,5.239999999999999,48.12999999999999,16.0,12.0,12.0,0.0,0.0,0.0,0.0,0.0,0.0,1.0,4.0,18.0,63.0,0.0,0.0,0.0,0.0,0.0,10.0,24.0,21.0,11.0,0.0,0.0,0.0,66.0,2.92,3.16,2.5100000000000002,6.13,4.7299999999999995,11.12,6.079999999999999,3.25,0.76,2.74,2.33,6.42,52.15,10.0,8.0,8.0,0.0,0.0,0.0,0.0,0.0,0.0,0.0,6.0,17.0,49.0,0.0,0.0,0.0,0.0,6.0,13.0,12.0,14.0,20.0,0.0,0.0,0.0,65.0,4.79,5.259999999999999,10.990000000000002,3.3199999999999994,3.99,9.139999999999999,1.4900000000000002,3.28,2.55,2.96,3.74,3.14,54.650000000000006,23.0,12.0,2.0,2.0,0.0,0.0,0.0,0.0,0.0,2.0,9.0,17.0,67.0,0.0,0.0,0.0,0.0,0.0,2.0,15.0,6.0,5.0,0.0,0.0,0.0,28.0,4.47,3.0999999999999996,6.369999999999999,3.64,6.45,6.919999999999999,6.8999999999999995,1.79,6.73,4.280000000000001,6.129999999999999,5.04,61.819999999999986,23.0,16.0,17.0,4.0,0.0,0.0,0.0,0.0,0.0,0.0,12.0,15.0,87.0,0.0,0.0,0.0,0.0,5.0,13.0,10.0,12.0,0.0,0.0,0.0,0.0,40.0
2006,tennessee,4.48,2.2600000000000002,2.0300000000000002,3.9600000000000004,4.97,2.2,5.399999999999999,2.7,5.13,3.36,4.84,2.64,43.97,13.0,19.0,11.0,0.0,0.0,0.0,0.0,0.0,0.0,1.0,8.0,14.0,66.0,0.0,0.0,0.0,0.0,5.0,9.0,19.0,18.0,0.0,0.0,0.0,0.0,51.0,4.87,3.7100000000000004,2.9300000000000006,6.63,2.9699999999999998,3.73,2.25,9.0,1.37,0.04,5.389999999999999,2.49,45.38,14.0,15.0,12.0,0.0,0.0,0.0,0.0,0.0,0.0,3.0,8.0,22.0,74.0,0.0,0.0,0.0,0.0,2.0,15.0,18.0,22.0,7.0,0.0,0.0,0.0,64.0,3.32,2.79,3.9299999999999997,6.52,6.279999999999999,3.9200000000000004,5.199999999999999,5.479999999999999,0.8600000000000001,4.09,7.039999999999999,6.6,56.03,23.0,21.0,6.0,3.0,0.0,0.0,0.0,0.0,0.0,0.0,0.0,20.0,73.0,0.0,0.0,0.0,0.0,0.0,2.0,6.0,5.0,1.0,0.0,0.0,0.0,14.0,1.4400000000000002,8.549999999999999,2.2300000000000004,3.99,5.470000000000001,10.05,3.67,3.5700000000000003,6.4799999999999995,2.3,4.54,3.71,55.99999999999999,25.0,16.0,8.0,0.0,0.0,0.0,0.0,0.0,0.0,0.0,4.0,18.0,71.0,0.0,0.0,0.0,0.0,0.0,2.0,12.0,11.0,1.0,0.0,0.0,0.0,26.0,5.119999999999999,1.2500000000000002,7.260000000000001,5.69,6.890000000000001,1.13,5.33,2.28,9.860000000000001,6.38,4.209999999999999,7.48,62.88000000000001,19.0,18.0,10.0,1.0,0.0,0.0,0.0,0.0,0.0,0.0,10.0,19.0,77.0,0.0,0.0,0.0,0.0,0.0,10.0,19.0,17.0,9.0,0.0,0.0,0.0,55.0,2.48,5.47,2.64,2.3500000000000005,6.9399999999999995,3.33,2.67,2.7300000000000004,2.83,7.71,7.97,5.47,52.59,22.0,11.0,12.0,0.0,0.0,0.0,0.0,0.0,0.0,1.0,4.0,13.0,63.0,0.0,0.0,0.0,0.0,0.0,6.0,12.0,11.0,2.0,0.0,0.0,0.0,31.0
2011,tennessee,1.6100000000000003,8.23,6.209999999999999,12.99,6.4799999999999995,5.68,2.7099999999999995,2.92,6.93,0.9299999999999999,7.970000000000001,6.829999999999998,69.49,28.0,17.0,4.0,0.0,0.0,0.0,0.0,0.0,0.0,1.0,5.0,15.0,70.0,0.0,0.0,0.0,0.0,3.0,12.0,26.0,19.0,4.0,0.0,0.0,0.0,64.0,3.0700000000000003,1.93,3.92,3.36,6.4,0.0,0.0,0.0,0.0,1.59,5.68,2.06,28.009999999999998,22.0,22.0,6.0,0.0,0.0,0.0,0.0,0.0,0.0,1.0,7.0,27.0,85.0,0.0,0.0,0.0,0.0,0.0,0.0,0.0,0.0,0.0,0.0,0.0,0.0,0.0,5.659999999999999,3.67,3.42,4.6499999999999995,9.040000000000001,2.56,8.61,3.579999999999999,5.6000000000000005,8.93,0.9300000000000002,3.74,60.39,24.0,15.0,7.0,0.0,0.0,0.0,0.0,0.0,0.0,0.0,2.0,18.0,66.0,0.0,0.0,0.0,0.0,0.0,12.0,2.0,8.0,0.0,0.0,0.0,0.0,22.0,5.030000000000001,2.6,7.63,7.24,6.73,1.98,6.15,1.02,2.13,4.55,1.85,7.910000000000001,54.82000000000001,21.0,16.0,9.0,0.0,0.0,0.0,0.0,0.0,0.0,0.0,10.0,20.0,76.0,0.0,0.0,0.0,0.0,0.0,10.0,15.0,11.0,3.0,0.0,0.0,0.0,39.0,5.2299999999999995,3.05,2.1999999999999997,3.7,3.08,4.800000000000001,1.53,0.06,3.2,8.92,1.34,6.72,43.83,16.0,21.0,5.0,5.0,0.0,0.0,0.0,0.0,0.0,0.0,11.0,14.0,72.0,0.0,0.0,0.0,0.0,2.0,15.0,20.0,31.0,13.0,2.0,0.0,0.0,83.0,4.48,2.2600000000000002,2.0300000000000002,3.9600000000000004,4.97,2.2,5.399999999999999,2.7,5.13,3.36,4.84,2.64,43.97,13.0,19.0,11.0,0.0,0.0,0.0,0.0,0.0,0.0,1.0,8.0,14.0,66.0,0.0,0.0,0.0,0.0,5.0,9.0,19.0,18.0,0.0,0.0,0.0,0.0,51.0
1991,ohio,1.7600000000000002,1.6900000000000002,3.36,4.09,3.6399999999999997,2.4299999999999997,2.43,1.51,2.38,0.9800000000000002,1.34,2.41,28.02,29.0,21.0,19.0,6.0,0.0,0.0,0.0,0.0,0.0,6.0,17.0,21.0,119.0,0.0,0.0,0.0,0.0,0.0,0.0,7.0,3.0,3.0,0.0,0.0,0.0,13.0,1.5000000000000002,3.9899999999999998,2.46,2.37,7.94,4.06,6.38,3.49,6.3500000000000005,5.77,1.7599999999999998,6.969999999999999,53.04,24.0,23.0,18.0,11.0,0.0,0.0,0.0,0.0,0.0,4.0,11.0,21.0,112.0,0.0,0.0,0.0,0.0,0.0,0.0,4.0,0.0,0.0,0.0,0.0,0.0,4.0,2.03,2.0300000000000002,4.14,3.1100000000000003,5.6499999999999995,4.359999999999999,3.6,5.88,2.85,1.2700000000000002,2.7899999999999996,1.51,39.22,24.0,25.0,20.0,10.0,1.0,0.0,0.0,0.0,0.0,7.0,13.0,30.0,130.0,0.0,0.0,0.0,0.0,0.0,0.0,1.0,0.0,0.0,0.0,0.0,0.0,1.0,1.1500000000000001,4.1,2.1799999999999993,1.95,1.35,1.07,3.92,4.24,4.26,1.63,4.37,2.5499999999999994,32.769999999999996,27.0,28.0,22.0,8.0,0.0,0.0,0.0,0.0,0.0,15.0,16.0,28.0,144.0,0.0,0.0,0.0,0.0,0.0,4.0,10.0,9.0,0.0,0.0,0.0,0.0,23.0,1.01,0.13,2.1999999999999997,2.12,3.3,2.71,6.87,0.9999999999999999,0.5,1.37,1.38,2.53,25.12,29.0,23.0,17.0,7.0,0.0,0.0,0.0,0.0,0.0,10.0,16.0,23.0,125.0,0.0,0.0,0.0,0.0,0.0,0.0,2.0,4.0,0.0,0.0,0.0,0.0,6.0,1.12,2.9899999999999998,3.37,2.6799999999999997,3.0300000000000002,5.06,8.0,2.07,4.289999999999999,7.41,3.2800000000000002,2.69,45.989999999999995,30.0,21.0,20.0,5.0,0.0,0.0,0.0,0.0,0.0,2.0,15.0,24.0,117.0,0.0,0.0,0.0,0.0,0.0,0.0,0.0,0.0,0.0,0.0,0.0,0.0,0.0
1996,ohio,3.8400000000000003,2.71,1.7800000000000002,6.879999999999999,8.7,3.29,8.299999999999999,0.05,6.589999999999999,2.13,4.2700000000000005,3.9999999999999996,52.54,29.0,20.0,25.0,11.0,0.0,0.0,0.0,0.0,0.0,0.0,23.0,19.0,127.0,0.0,0.0,0.0,0.0,0.0,3.0,4.0,5.0,0.0,0.0,0.0,0.0,12.0,2.48,1.13,1.8900000000000001,3.0699999999999994,7.739999999999998,4.96,8.47,7.880000000000001,1.75,4.89,2.7199999999999993,2.0900000000000003,49.07000000000001,24.0,26.0,12.0,3.0,0.0,0.0,0.0,0.0,0.0,2.0,22.0,29.0,118.0,0.0,0.0,0.0,0.0,0.0,1.0,5.0,8.0,1.0,0.0,0.0,0.0,15.0,3.13,1.04,1.66,3.8,3.04,4.469999999999999,2.06,2.1,1.2400000000000002,0.7700000000000001,2.94,2.9899999999999998,29.24,26.0,25.0,21.0,6.0,0.0,0.0,0.0,0.0,0.0,0.0,8.0,20.0,106.0,0.0,0.0,0.0,0.0,0.0,9.0,4.0,0.0,0.0,0.0,0.0,0.0,13.0,3.46,2.15,2.96,3.5599999999999996,3.35,5.56,9.85,2.02,4.999999999999999,2.07,3.11,2.3700000000000006,45.46,26.0,26.0,14.0,4.0,0.0,0.0,0.0,0.0,0.0,6.0,14.0,20.0,110.0,0.0,0.0,0.0,0.0,0.0,3.0,9.0,7.0,1.0,0.0,0.0,0.0,20.0,2.3000000000000003,0.8500000000000001,2.5299999999999994,4.26,3.7399999999999998,4.38,13.610000000000001,3.6000000000000005,2.83,1.89,4.430000000000001,0.8300000000000001,45.25,24.0,16.0,18.0,7.0,0.0,0.0,0.0,0.0,0.0,2.0,9.0,21.0,97.0,0.0,0.0,0.0,0.0,0.0,0.0,0.0,0.0,0.0,0.0,0.0,0.0,0.0,1.7600000000000002,1.6900000000000002,3.36,4.09,3.6399999999999997,2.4299999999999997,2.43,1.51,2.38,0.9800000000000002,1.34,2.41,28.02,29.0,21.0,19.0,6.0,0.0,0.0,0.0,0.0,0.0,6.0,17.0,21.0,119.0,0.0,0.0,0.0,0.0,0.0,0.0,7.0,3.0,3.0,0.0,0.0,0.0,13.0
2001,ohio,1.01,1.1600000000000001,0.7700000000000001,3.0,7.62,5.920000000000001,9.34,6.859999999999999,6.01,6.18,4.35,5.209999999999999,57.43,26.0,20.0,20.0,6.0,0.0,0.0,0.0,0.0,0.0,0.0,8.0,14.0,94.0,0.0,0.0,0.0,0.0,0.0,2.0,3.0,4.0,0.0,0.0,0.0,0.0,9.0,3.3300000000000005,1.45,1.7700000000000002,5.32,5.67,2.69,6.549999999999999,3.5100000000000007,3.19,3.5100000000000002,2.9500000000000006,2.19,42.13,26.0,22.0,13.0,6.0,0.0,0.0,0.0,0.0,0.0,2.0,14.0,30.0,113.0,0.0,0.0,0.0,0.0,0.0,1.0,0.0,0.0,0.0,0.0,0.0,0.0,1.0,3.41,4.159999999999999,2.95,5.949999999999999,1.89,3.19,6.499999999999999,2.11,1.03,2.54,1.39,3.4000000000000004,38.52,18.0,23.0,24.0,0.0,0.0,0.0,0.0,0.0,0.0,4.0,12.0,23.0,104.0,0.0,0.0,0.0,0.0,0.0,8.0,17.0,0.0,0.0,0.0,0.0,0.0,25.0,4.3100000000000005,2.23,4.15,5.14,4.13,6.77,4.16,2.62,1.22,3.6100000000000003,2.22,3.23,43.78999999999999,21.0,16.0,18.0,2.0,0.0,0.0,0.0,0.0,0.0,3.0,12.0,24.0,96.0,0.0,0.0,0.0,0.0,0.0,5.0,2.0,4.0,3.0,0.0,0.0,0.0,14.0,2.12,2.2600000000000002,3.5199999999999996,2.06,7.4399999999999995,4.430000000000001,4.7,6.540000000000001,0.7600000000000001,1.25,2.4699999999999998,2.2600000000000002,39.809999999999995,26.0,20.0,16.0,8.0,0.0,0.0,0.0,0.0,0.0,4.0,13.0,26.0,113.0,0.0,0.0,0.0,0.0,0.0,2.0,6.0,1.0,0.0,0.0,0.0,0.0,9.0,3.8400000000000003,2.71,1.7800000000000002,6.879999999999999,8.7,3.29,8.299999999999999,0.05,6.589999999999999,2.13,4.2700000000000005,3.9999999999999996,52.54,29.0,20.0,25.0,11.0,0.0,0.0,0.0,0.0,0.0,0.0,23.0,19.0,127.0,0.0,0.0,0.0,0.0,0.0,3.0,4.0,5.0,0.0,0.0,0.0,0.0,12.0
2006,ohio,2.8799999999999994,1.5299999999999998,0.33,3.09,3.7199999999999998,7.750000000000001,6.140000000000001,3.91,4.12,0.0,0.0,4.42,37.89,15.0,23.0,7.0,1.0,0.0,0.0,0.0,0.0,0.0,0.0,0.0,0.0,46.0,0.0,0.0,0.0,0.0,2.0,1.0,5.0,3.0,0.0,0.0,0.0,0.0,11.0,11.17,1.5,2.8,5.209999999999999,2.4599999999999995,1.14,2.51,4.92,4.829999999999999,3.28,3.81,1.8700000000000003,45.5,21.0,20.0,21.0,1.0,1.0,0.0,0.0,0.0,0.0,2.0,10.0,23.0,99.0,0.0,0.0,0.0,0.0,0.0,8.0,4.0,8.0,0.0,0.0,0.0,0.0,20.0,4.67,1.5500000000000003,2.85,2.4099999999999997,7.96,4.41,4.1899999999999995,3.9399999999999995,0.2,2.8000000000000003,3.18,3.31,41.47,28.0,25.0,16.0,3.0,0.0,0.0,0.0,0.0,0.0,2.0,10.0,20.0,104.0,0.0,0.0,0.0,0.0,0.0,1.0,3.0,1.0,0.0,0.0,0.0,0.0,5.0,0.8700000000000001,2.23,1.8,3.2800000000000002,6.300000000000001,3.23,9.239999999999998,5.74,5.33,2.72,4.44,2.0700000000000003,47.24999999999999,28.0,25.0,15.0,5.0,0.0,0.0,0.0,0.0,0.0,4.0,11.0,25.0,113.0,0.0,0.0,0.0,0.0,0.0,2.0,2.0,2.0,0.0,0.0,0.0,0.0,6.0,1.23,1.9000000000000001,2.86,9.520000000000001,6.339999999999999,4.9,1.61,2.69,5.88,2.7199999999999998,3.01,2.1700000000000004,44.83,21.0,22.0,15.0,4.0,0.0,0.0,0.0,0.0,0.0,1.0,11.0,25.0,99.0,0.0,0.0,0.0,0.0,0.0,5.0,12.0,10.0,5.0,0.0,0.0,0.0,32.0,1.01,1.1600000000000001,0.7700000000000001,3.0,7.62,5.920000000000001,9.34,6.859999999999999,6.01,6.18,4.35,5.209999999999999,57.43,26.0,20.0,20.0,6.0,0.0,0.0,0.0,0.0,0.0,0.0,8.0,14.0,94.0,0.0,0.0,0.0,0.0,0.0,2.0,3.0,4.0,0.0,0.0,0.0,0.0,9.0
2011,ohio,1.37,4.6899999999999995,5.26,7.730000000000001,9.5,2.55,3.2800000000000002,2.2399999999999998,5.43,3.2699999999999996,6.000000000000001,6.37,57.690000000000005,29.0,24.0,18.0,7.0,0.0,0.0,0.0,0.0,0.0,2.0,9.0,20.0,109.0,0.0,0.0,0.0,0.0,1.0,6.0,11.0,4.0,1.0,0.0,0.0,0.0,23.0,1.11,1.98,3.0200000000000005,2.04,5.11,6.770000000000001,2.7899999999999996,4.7,2.3000000000000003,1.37,4.44,1.48,37.11,25.0,26.0,16.0,7.0,1.0,0.0,0.0,0.0,0.0,0.0,22.0,30.0,127.0,0.0,0.0,0.0,0.0,0.0,2.0,9.0,4.0,4.0,0.0,0.0,0.0,19.0,2.2800000000000002,1.2600000000000002,1.31,4.65,3.0300000000000002,3.8099999999999996,6.849999999999998,3.2399999999999998,2.54,2.5600000000000005,0.5,4.22,36.24999999999999,31.0,24.0,13.0,3.0,0.0,0.0,0.0,0.0,0.0,1.0,9.0,26.0,107.0,0.0,0.0,0.0,0.0,0.0,1.0,0.0,3.0,0.0,0.0,0.0,0.0,4.0,1.9100000000000001,5.15,6.679999999999999,2.5300000000000002,4.419999999999999,8.02,6.83,0.6000000000000001,1.7600000000000002,1.34,1.87,5.460000000000001,46.57,26.0,27.0,24.0,5.0,0.0,0.0,0.0,0.0,0.0,8.0,16.0,26.0,132.0,0.0,0.0,0.0,0.0,0.0,2.0,2.0,2.0,2.0,0.0,0.0,0.0,8.0,3.8499999999999996,1.7100000000000002,2.72,3.7700000000000005,0.2,2.79,4.22,0.0,3.02,3.31,3.22,3.5999999999999996,32.41,0.0,0.0,0.0,8.0,0.0,0.0,0.0,0.0,0.0,2.0,10.0,22.0,42.0,0.0,0.0,0.0,0.0,0.0,3.0,1.0,0.0,3.0,0.0,0.0,0.0,7.0,2.8799999999999994,1.5299999999999998,0.33,3.09,3.7199999999999998,7.750000000000001,6.140000000000001,3.91,4.12,0.0,0.0,4.42,37.89,15.0,23.0,7.0,1.0,0.0,0.0,0.0,0.0,0.0,0.0,0.0,0.0,46.0,0.0,0.0,0.0,0.0,2.0,1.0,5.0,3.0,0.0,0.0,0.0,0.0,11.0
1991,indiana,1.8,2.91,4.69,3.1199999999999997,3.08,1.1199999999999999,3.5900000000000003,2.76,2.58,3.7099999999999995,3.6700000000000004,2.34,35.370000000000005,28.0,19.0,13.0,1.0,0.0,0.0,0.0,0.0,0.0,3.0,14.0,20.0,98.0,0.0,0.0,0.0,0.0,0.0,2.0,9.0,5.0,5.0,0.0,0.0,0.0,21.0,2.09,5.079999999999999,2.06,2.9200000000000004,8.489999999999998,3.22,4.1899999999999995,3.47,3.75,4.0600000000000005,2.7,7.440000000000001,49.47,20.0,18.0,17.0,7.0,0.0,0.0,0.0,0.0,0.0,3.0,4.0,20.0,89.0,0.0,0.0,0.0,0.0,0.0,0.0,4.0,4.0,2.0,0.0,0.0,0.0,10.0,2.1799999999999997,2.82,7.089999999999999,4.699999999999999,5.5600000000000005,3.5800000000000005,6.9399999999999995,6.760000000000001,5.09,2.78,4.29,3.0,54.79,22.0,23.0,16.0,6.0,0.0,0.0,0.0,0.0,0.0,2.0,14.0,27.0,110.0,0.0,0.0,0.0,0.0,0.0,0.0,4.0,0.0,0.0,0.0,0.0,0.0,4.0,1.99,4.7700000000000005,2.0,3.09,0.8899999999999999,0.61,3.99,4.04,2.77,3.06,4.040000000000001,2.54,33.79,25.0,25.0,18.0,0.0,0.0,0.0,0.0,0.0,0.0,5.0,14.0,26.0,113.0,0.0,0.0,0.0,0.0,0.0,11.0,13.0,15.0,0.0,0.0,0.0,0.0,39.0,1.72,0.41000000000000003,2.91,2.87,4.22,4.38,6.279999999999999,1.02,0.0,1.92,2.8900000000000006,4.779999999999999,33.4,28.0,22.0,7.0,5.0,0.0,0.0,0.0,0.0,0.0,6.0,8.0,19.0,95.0,0.0,0.0,0.0,0.0,0.0,0.0,4.0,6.0,0.0,0.0,0.0,0.0,10.0,0.04,3.3,3.1799999999999997,0.0,4.3100000000000005,2.16,6.6499999999999995,3.1100000000000003,6.18,4.220000000000001,0.0,2.0,35.15,26.0,18.0,12.0,0.0,0.0,0.0,0.0,0.0,0.0,0.0,0.0,23.0,79.0,0.0,0.0,0.0,0.0,0.0,4.0,7.0,0.0,0.0,0.0,0.0,0.0,11.0
1996,indiana,5.090000000000001,1.4100000000000001,5.2299999999999995,10.200000000000001,10.66,4.460000000000001,3.87,1.4100000000000001,7.46,2.66,6.340000000000001,2.5099999999999993,61.300000000000004,27.0,17.0,22.0,7.0,0.0,0.0,0.0,0.0,0.0,0.0,16.0,20.0,109.0,0.0,0.0,0.0,0.0,0.0,1.0,1.0,5.0,0.0,0.0,0.0,0.0,7.0,3.48,1.71,2.9200000000000004,6.720000000000001,8.7,4.87,2.51,6.64,0.96,2.05,3.04,2.8,46.4,24.0,24.0,10.0,5.0,0.0,0.0,0.0,0.0,0.0,0.0,21.0,25.0,109.0,0.0,0.0,0.0,0.0,0.0,0.0,7.0,14.0,1.0,0.0,0.0,0.0,22.0,4.039999999999999,1.6199999999999999,1.2000000000000002,6.229999999999999,3.21,1.4200000000000002,3.91,3.99,4.12,0.77,5.7299999999999995,2.26,38.49999999999999,25.0,22.0,18.0,3.0,2.0,0.0,0.0,0.0,0.0,1.0,5.0,17.0,93.0,0.0,0.0,0.0,0.0,0.0,8.0,3.0,1.0,0.0,0.0,0.0,0.0,12.0,3.28,2.61,2.6699999999999995,5.010000000000001,4.699999999999999,7.869999999999999,3.1599999999999997,8.209999999999999,10.2,7.7700000000000005,7.75,2.42,65.64999999999999,26.0,26.0,16.0,3.0,0.0,0.0,0.0,0.0,0.0,2.0,11.0,17.0,101.0,0.0,0.0,0.0,0.0,0.0,1.0,8.0,7.0,0.0,0.0,0.0,0.0,16.0,1.57,1.18,2.6900000000000004,2.85,2.46,1.0,10.08,1.76,2.15,2.4299999999999997,4.71,1.5999999999999999,34.48,23.0,14.0,16.0,6.0,0.0,0.0,0.0,0.0,0.0,2.0,8.0,22.0,91.0,0.0,0.0,0.0,0.0,0.0,0.0,0.0,0.0,0.0,0.0,0.0,0.0,0.0,1.8,2.91,4.69,3.1199999999999997,3.08,1.1199999999999999,3.5900000000000003,2.76,2.58,3.7099999999999995,3.6700000000000004,2.34,35.370000000000005,28.0,19.0,13.0,1.0,0.0,0.0,0.0,0.0,0.0,3.0,14.0,20.0,98.0,0.0,0.0,0.0,0.0,0.0,2.0,9.0,5.0,5.0,0.0,0.0,0.0,21.0
2001,indiana,1.8899999999999997,2.3,0.67,2.1799999999999997,4.13,4.79,8.669999999999998,3.58,9.52,7.99,4.029999999999999,4.470000000000001,54.21999999999999,28.0,22.0,19.0,3.0,0.0,0.0,0.0,0.0,0.0,2.0,5.0,15.0,94.0,0.0,0.0,0.0,0.0,0.0,1.0,2.0,5.0,0.0,0.0,0.0,0.0,8.0,2.8600000000000003,4.34,1.2100000000000002,3.77,4.08,5.54,2.85,4.35,9.399999999999999,5.82,3.4999999999999996,3.63,51.35,27.0,22.0,16.0,6.0,0.0,0.0,0.0,0.0,0.0,0.0,14.0,29.0,114.0,0.0,0.0,0.0,0.0,0.0,2.0,0.0,2.0,3.0,0.0,0.0,0.0,7.0,6.13,6.059999999999999,1.3,4.1,3.6700000000000004,3.4600000000000004,1.6000000000000003,1.1500000000000001,1.34,1.77,1.61,3.79,35.98,20.0,21.0,21.0,0.0,0.0,0.0,0.0,0.0,0.0,0.0,10.0,23.0,95.0,0.0,0.0,0.0,0.0,0.0,5.0,17.0,9.0,8.0,0.0,0.0,0.0,39.0,2.67,2.07,3.5999999999999996,7.79,8.04,10.32,5.819999999999999,0.97,0.89,4.169999999999999,2.4499999999999997,2.36,51.15,19.0,12.0,15.0,0.0,0.0,0.0,0.0,0.0,0.0,2.0,8.0,20.0,76.0,0.0,0.0,0.0,0.0,0.0,5.0,3.0,3.0,5.0,0.0,0.0,0.0,16.0,5.010000000000001,2.56,2.41,3.8699999999999997,4.859999999999999,7.2700000000000005,1.82,5.11,1.1600000000000001,0.67,2.91,1.68,39.330000000000005,25.0,20.0,8.0,8.0,0.0,0.0,0.0,0.0,0.0,4.0,14.0,23.0,102.0,0.0,0.0,0.0,0.0,0.0,1.0,10.0,1.0,0.0,0.0,0.0,0.0,12.0,5.090000000000001,1.4100000000000001,5.2299999999999995,10.200000000000001,10.66,4.460000000000001,3.87,1.4100000000000001,7.46,2.66,6.340000000000001,2.5099999999999993,61.300000000000004,27.0,17.0,22.0,7.0,0.0,0.0,0.0,0.0,0.0,0.0,16.0,20.0,109.0,0.0,0.0,0.0,0.0,0.0,1.0,1.0,5.0,0.0,0.0,0.0,0.0,7.0
2006,indiana,3.8200000000000003,1.76,8.1,5.63,5.1499999999999995,8.810000000000002,3.9,4.29,4.859999999999999,5.29,4.2700000000000005,7.040000000000001,62.919999999999995,18.0,23.0,19.0,2.0,0.0,0.0,0.0,0.0,0.0,1.0,11.0,16.0,90.0,0.0,0.0,0.0,0.0,2.0,2.0,9.0,5.0,0.0,0.0,0.0,0.0,18.0,9.03,2.3,2.35,2.94,4.469999999999999,3.76,4.22,8.629999999999999,4.050000000000001,0.9099999999999999,4.52,2.83,50.00999999999998,21.0,19.0,20.0,0.0,0.0,0.0,0.0,0.0,0.0,0.0,10.0,24.0,94.0,0.0,0.0,0.0,0.0,0.0,4.0,8.0,9.0,0.0,0.0,0.0,0.0,21.0,6.78,1.0899999999999999,2.74,1.4400000000000002,8.84,4.84,6.65,3.3699999999999997,0.16,5.569999999999999,4.53,3.0699999999999994,49.08,27.0,24.0,15.0,3.0,0.0,0.0,0.0,0.0,0.0,0.0,3.0,20.0,92.0,0.0,0.0,0.0,0.0,0.0,0.0,0.0,0.0,0.0,0.0,0.0,0.0,0.0,1.5400000000000003,5.02,2.34,3.5100000000000002,7.019999999999999,5.6,8.03,2.99,5.04,2.8799999999999994,5.71,2.57,52.25,28.0,25.0,14.0,4.0,0.0,0.0,0.0,0.0,0.0,2.0,11.0,23.0,107.0,0.0,0.0,0.0,0.0,0.0,0.0,5.0,4.0,0.0,0.0,0.0,0.0,9.0,1.73,2.8899999999999992,5.120000000000001,8.879999999999999,9.35,6.170000000000001,2.3600000000000003,1.5999999999999999,7.29,4.199999999999999,0.8400000000000001,3.5100000000000002,53.940000000000005,21.0,22.0,15.0,4.0,0.0,0.0,0.0,0.0,0.0,0.0,10.0,22.0,94.0,0.0,0.0,0.0,0.0,0.0,2.0,10.0,10.0,8.0,0.0,0.0,0.0,30.0,1.8899999999999997,2.3,0.67,2.1799999999999997,4.13,4.79,8.669999999999998,3.58,9.52,7.99,4.029999999999999,4.470000000000001,54.21999999999999,28.0,22.0,19.0,3.0,0.0,0.0,0.0,0.0,0.0,2.0,5.0,15.0,94.0,0.0,0.0,0.0,0.0,0.0,1.0,2.0,5.0,0.0,0.0,0.0,0.0,8.0
2011,indiana,1.84,5.32,4.280000000000001,10.92,6.630000000000001,6.079999999999999,1.18,2.38,4.74,3.19,5.820000000000001,5.18,57.56,30.0,23.0,16.0,1.0,0.0,0.0,0.0,0.0,0.0,0.0,5.0,19.0,94.0,0.0,0.0,0.0,0.0,1.0,5.0,16.0,6.0,5.0,0.0,0.0,0.0,33.0,1.8800000000000001,2.13,3.12,4.53,6.2700000000000005,8.27,2.11,0.44,0.55,1.1,6.69,2.0,39.09,25.0,27.0,12.0,0.0,0.0,0.0,0.0,0.0,0.0,2.0,15.0,29.0,110.0,0.0,0.0,0.0,0.0,0.0,4.0,7.0,13.0,3.0,0.0,0.0,0.0,27.0,2.4699999999999998,1.49,2.16,6.390000000000001,8.76,5.92,6.090000000000001,3.1500000000000004,2.7100000000000004,8.239999999999998,1.09,3.2600000000000002,51.73000000000001,30.0,21.0,13.0,2.0,0.0,0.0,0.0,0.0,0.0,0.0,3.0,25.0,94.0,0.0,0.0,0.0,0.0,0.0,2.0,0.0,1.0,0.0,0.0,0.0,0.0,3.0,3.5,4.43,9.389999999999999,3.05,6.84,11.54,5.319999999999999,0.9,2.41,1.6400000000000001,2.8,6.59,58.41,25.0,26.0,15.0,1.0,0.0,0.0,0.0,0.0,0.0,2.0,15.0,28.0,112.0,0.0,0.0,0.0,0.0,0.0,2.0,1.0,1.0,2.0,0.0,0.0,0.0,6.0,6.06,3.38,3.2899999999999996,4.93,1.75,5.1899999999999995,4.59,0.42,3.11,4.05,1.52,5.28,43.57,23.0,27.0,13.0,6.0,0.0,0.0,0.0,0.0,0.0,0.0,16.0,21.0,106.0,0.0,0.0,0.0,0.0,0.0,2.0,1.0,22.0,7.0,0.0,0.0,0.0,32.0,3.8200000000000003,1.76,8.1,5.63,5.1499999999999995,8.810000000000002,3.9,4.29,4.859999999999999,5.29,4.2700000000000005,7.040000000000001,62.919999999999995,18.0,23.0,19.0,2.0,0.0,0.0,0.0,0.0,0.0,1.0,11.0,16.0,90.0,0.0,0.0,0.0,0.0,2.0,2.0,9.0,5.0,0.0,0.0,0.0,0.0,18.0
1991,iowa,0.42,0.16,4.989999999999999,7.819999999999999,9.600000000000001,5.57,3.5999999999999996,4.41,3.37,3.73,4.250000000000001,1.03,48.95,31.0,27.0,21.0,3.0,0.0,0.0,0.0,0.0,1.0,8.0,26.0,30.0,147.0,0.0,0.0,0.0,0.0,0.0,5.0,10.0,1.0,0.0,0.0,0.0,0.0,16.0,0.25,0.52,4.37,2.9,6.94,7.62,3.34,4.9399999999999995,2.6799999999999997,1.6400000000000001,1.05,1.93,38.18,31.0,27.0,15.0,12.0,1.0,0.0,0.0,0.0,0.0,8.0,21.0,31.0,146.0,0.0,0.0,0.0,0.0,0.0,2.0,4.0,4.0,3.0,0.0,0.0,0.0,13.0,1.03,0.75,1.2900000000000003,1.62,2.71,3.26,1.69,2.44,4.1899999999999995,4.67,0.46,0.28,24.39,30.0,27.0,20.0,12.0,4.0,0.0,0.0,0.0,2.0,7.0,22.0,30.0,154.0,0.0,0.0,0.0,0.0,0.0,2.0,12.0,2.0,0.0,0.0,0.0,0.0,16.0,0.99,0.76,0.99,2.16,0.94,0.0,3.54,3.67,2.88,0.49,2.8899999999999997,0.61,19.919999999999998,30.0,29.0,22.0,10.0,0.0,0.0,0.0,0.0,0.0,14.0,18.0,31.0,154.0,0.0,0.0,0.0,1.0,4.0,0.0,15.0,14.0,2.0,0.0,0.0,0.0,36.0,0.43000000000000005,0.37,2.13,2.0300000000000002,3.32,3.0500000000000003,5.03,6.25,3.1999999999999997,0.7000000000000001,1.8499999999999999,3.3699999999999997,31.73,31.0,27.0,15.0,5.0,0.0,0.0,0.0,0.0,0.0,10.0,14.0,28.0,130.0,0.0,0.0,0.0,0.0,2.0,7.0,13.0,4.0,0.0,0.0,0.0,0.0,26.0,0.49,1.3499999999999999,2.32,4.68,5.07,4.47,4.1,5.67,5.27,4.170000000000001,1.96,0.91,40.46,27.0,28.0,17.0,4.0,0.0,0.0,1.0,0.0,0.0,4.0,28.0,31.0,140.0,0.0,0.0,0.0,0.0,0.0,4.0,6.0,0.0,0.0,0.0,0.0,0.0,10.0
1996,iowa,2.48,0.1,2.12,0.74,4.660000000000001,4.03,2.5799999999999996,4.67,2.54,2.41,4.140000000000001,1.0,31.470000000000002,31.0,29.0,1.0,0.0,0.0,0.0,0.0,0.0,0.0,13.0,28.0,30.0,132.0,0.0,0.0,0.0,0.0,0.0,2.0,1.0,0.0,0.0,0.0,0.0,0.0,3.0,1.02,0.03,2.6399999999999997,4.0200000000000005,4.38,4.42,4.359999999999999,4.239999999999999,2.67,1.2000000000000002,1.76,0.35,31.089999999999996,30.0,26.0,16.0,11.0,0.0,0.0,0.0,0.0,2.0,6.0,30.0,31.0,152.0,0.0,0.0,0.0,0.0,0.0,5.0,3.0,5.0,0.0,0.0,0.0,0.0,13.0,1.47,1.05,0.13,2.96,3.48,7.12,4.82,4.47,5.4799999999999995,3.95,3.23,1.2700000000000002,39.43,31.0,27.0,27.0,9.0,1.0,0.0,0.0,0.0,0.0,4.0,20.0,29.0,148.0,0.0,0.0,0.0,0.0,0.0,3.0,0.0,0.0,1.0,0.0,0.0,0.0,4.0,1.09,1.2500000000000002,4.279999999999999,4.4,5.760000000000001,8.55,8.53,13.58,2.3699999999999997,1.92,1.22,0.6200000000000001,53.56999999999999,31.0,27.0,26.0,13.0,0.0,0.0,0.0,0.0,0.0,9.0,26.0,26.0,158.0,0.0,0.0,0.0,0.0,0.0,0.0,0.0,0.0,0.0,0.0,0.0,0.0,0.0,1.9600000000000002,1.22,1.4000000000000001,2.72,1.8900000000000001,2.31,6.48,2.52,4.37,0.49000000000000005,5.51,2.04,32.910000000000004,29.0,23.0,21.0,8.0,1.0,0.0,0.0,0.0,2.0,9.0,22.0,30.0,145.0,0.0,0.0,0.0,0.0,0.0,2.0,0.0,0.0,0.0,0.0,0.0,0.0,2.0,0.42,0.16,4.989999999999999,7.819999999999999,9.600000000000001,5.57,3.5999999999999996,4.41,3.37,3.73,4.250000000000001,1.03,48.95,31.0,27.0,21.0,3.0,0.0,0.0,0.0,0.0,1.0,8.0,26.0,30.0,147.0,0.0,0.0,0.0,0.0,0.0,5.0,10.0,1.0,0.0,0.0,0.0,0.0,16.0
2001,iowa,1.33,1.5,1.13,2.58,7.239999999999999,3.8099999999999996,3.5300000000000002,2.5100000000000002,5.000000000000001,1.8100000000000003,1.53,0.66,32.63,31.0,27.0,29.0,9.0,0.0,0.0,0.0,0.0,0.0,7.0,8.0,28.0,139.0,0.0,0.0,0.0,0.0,0.0,2.0,2.0,4.0,0.0,0.0,0.0,0.0,8.0,0.5900000000000001,1.12,1.35,1.6400000000000003,4.619999999999999,6.3100000000000005,4.43,2.4899999999999998,1.89,2.3099999999999996,2.41,1.9000000000000001,31.06,31.0,26.0,18.0,10.0,0.0,0.0,0.0,0.0,0.0,6.0,22.0,31.0,144.0,0.0,0.0,0.0,0.0,0.0,1.0,0.0,0.0,5.0,0.0,0.0,0.0,6.0,1.3000000000000003,0.51,1.19,6.1499999999999995,8.43,5.57,6.0200000000000005,3.0,0.7499999999999999,0.47,0.7400000000000001,0.68,34.81,31.0,24.0,26.0,3.0,0.0,0.0,0.0,0.0,0.0,9.0,17.0,28.0,138.0,0.0,0.0,0.0,0.0,0.0,0.0,9.0,0.0,1.0,0.0,0.0,0.0,10.0,1.3800000000000001,1.44,2.36,2.4599999999999995,4.4,15.4,0.75,4.0200000000000005,1.91,5.1899999999999995,1.02,0.29000000000000004,40.62,31.0,18.0,25.0,5.0,0.0,0.0,0.0,0.0,0.0,2.0,21.0,26.0,128.0,0.0,0.0,0.0,0.0,1.0,2.0,1.0,0.0,3.0,0.0,0.0,0.0,7.0,1.09,0.95,2.04,1.1,3.96,6.3599999999999985,2.49,1.45,2.93,3.02,0.6900000000000001,1.3100000000000003,27.39,28.0,28.0,27.0,14.0,3.0,0.0,0.0,0.0,0.0,9.0,22.0,29.0,160.0,0.0,0.0,0.0,0.0,0.0,1.0,5.0,1.0,0.0,1.0,0.0,0.0,8.0,2.48,0.1,2.12,0.74,4.660000000000001,4.03,2.5799999999999996,4.67,2.54,2.41,4.140000000000001,1.0,31.470000000000002,31.0,29.0,1.0,0.0,0.0,0.0,0.0,0.0,0.0,13.0,28.0,30.0,132.0,0.0,0.0,0.0,0.0,0.0,2.0,1.0,0.0,0.0,0.0,0.0,0.0,3.0
2006,iowa,0.67,0.23,3.09,4.62,2.87,2.1,6.680000000000001,2.57,6.489999999999999,2.37,1.4100000000000004,2.9699999999999998,36.07,28.0,28.0,25.0,7.0,2.0,0.0,0.0,0.0,0.0,12.0,18.0,26.0,146.0,0.0,0.0,0.0,0.0,0.0,1.0,5.0,1.0,0.0,0.0,0.0,0.0,7.0,0.88,1.84,0.8700000000000001,5.19,4.2299999999999995,7.550000000000001,4.61,1.45,5.06,0.24,2.7199999999999998,1.44,36.08,31.0,24.0,28.0,5.0,4.0,0.0,0.0,0.0,0.0,12.0,20.0,30.0,154.0,0.0,0.0,0.0,0.0,0.0,1.0,6.0,1.0,0.0,0.0,0.0,0.0,8.0,0.4,1.27,4.02,1.62,8.590000000000003,4.61,2.8,6.279999999999999,2.17,1.17,1.6300000000000001,0.47000000000000003,35.03000000000001,31.0,29.0,16.0,9.0,1.0,0.0,0.0,0.0,0.0,6.0,18.0,29.0,139.0,0.0,0.0,0.0,0.0,0.0,0.0,0.0,0.0,0.0,0.0,0.0,0.0,0.0,0.37,0.63,1.1099999999999999,4.01,4.3,4.43,6.18,0.4,1.97,0.6500000000000001,3.35,1.35,28.749999999999996,31.0,28.0,23.0,11.0,0.0,0.0,0.0,0.0,1.0,11.0,21.0,30.0,156.0,0.0,0.0,0.0,0.0,0.0,1.0,2.0,8.0,0.0,0.0,0.0,0.0,11.0,0.22,1.4,1.0,4.21,3.15,2.6399999999999997,7.779999999999999,6.51,2.4,2.9200000000000004,0.29000000000000004,0.26,32.779999999999994,31.0,25.0,28.0,11.0,2.0,0.0,0.0,0.0,0.0,16.0,29.0,31.0,173.0,0.0,0.0,0.0,0.0,1.0,3.0,5.0,0.0,2.0,0.0,0.0,0.0,11.0,1.33,1.5,1.13,2.58,7.239999999999999,3.8099999999999996,3.5300000000000002,2.5100000000000002,5.000000000000001,1.8100000000000003,1.53,0.66,32.63,31.0,27.0,29.0,9.0,0.0,0.0,0.0,0.0,0.0,7.0,8.0,28.0,139.0,0.0,0.0,0.0,0.0,0.0,2.0,2.0,4.0,0.0,0.0,0.0,0.0,8.0
2011,iowa,0.87,1.26,1.36,4.11,4.81,6.249999999999999,5.35,2.47,1.87,1.2700000000000002,2.04,2.0300000000000002,33.69,31.0,26.0,27.0,9.0,3.0,0.0,0.0,0.0,0.0,6.0,21.0,26.0,149.0,0.0,0.0,0.0,0.0,1.0,4.0,6.0,2.0,2.0,0.0,0.0,0.0,15.0,1.09,1.25,1.23,3.5199999999999996,6.800000000000001,8.44,11.509999999999998,2.49,4.18,0.54,2.34,1.23,44.62,30.0,27.0,17.0,2.0,2.0,0.0,0.0,0.0,0.0,4.0,23.0,31.0,136.0,0.0,0.0,0.0,0.0,0.0,0.0,1.0,2.0,0.0,0.0,0.0,0.0,3.0,0.46,0.41,3.63,4.739999999999999,6.210000000000001,6.260000000000001,3.25,4.22,3.8200000000000003,2.0300000000000002,0.18000000000000002,3.15,38.36,31.0,26.0,23.0,12.0,0.0,0.0,0.0,0.0,0.0,5.0,10.0,30.0,137.0,0.0,0.0,0.0,0.0,0.0,2.0,0.0,0.0,0.0,0.0,0.0,0.0,2.0,0.44,1.42,1.0599999999999998,8.23,7.409999999999999,11.97,6.199999999999999,3.3000000000000003,1.4300000000000002,3.2699999999999996,2.74,1.8000000000000003,49.27,30.0,29.0,27.0,13.0,0.0,0.0,0.0,0.0,0.0,8.0,21.0,31.0,159.0,0.0,0.0,0.0,0.0,0.0,0.0,1.0,0.0,0.0,0.0,0.0,0.0,1.0,1.02,2.32,2.05,6.05,4.8999999999999995,6.9,3.2100000000000004,10.67,2.07,6.129999999999999,0.07,0.88,46.27000000000001,30.0,28.0,19.0,10.0,0.0,0.0,0.0,0.0,0.0,6.0,22.0,30.0,145.0,0.0,0.0,0.0,0.0,0.0,0.0,3.0,1.0,0.0,0.0,0.0,0.0,4.0,0.67,0.23,3.09,4.62,2.87,2.1,6.680000000000001,2.57,6.489999999999999,2.37,1.4100000000000004,2.9699999999999998,36.07,28.0,28.0,25.0,7.0,2.0,0.0,0.0,0.0,0.0,12.0,18.0,26.0,146.0,0.0,0.0,0.0,0.0,0.0,1.0,5.0,1.0,0.0,0.0,0.0,0.0,7.0
1991,kentucky,3.8899999999999997,5.3999999999999995,5.7299999999999995,3.0799999999999996,5.529999999999999,1.5099999999999998,2.8,3.4100000000000006,2.3400000000000003,2.41,2.8399999999999994,8.899999999999999,47.83999999999999,22.0,20.0,10.0,1.0,0.0,0.0,0.0,0.0,0.0,4.0,15.0,15.0,87.0,0.0,0.0,0.0,0.0,0.0,0.0,6.0,8.0,5.0,0.0,0.0,0.0,19.0,3.28,5.4799999999999995,3.49,2.5900000000000003,5.1,2.87,2.04,3.43,3.2399999999999998,4.41,3.42,13.909999999999998,53.25999999999999,16.0,16.0,10.0,8.0,0.0,0.0,0.0,0.0,0.0,8.0,11.0,17.0,86.0,0.0,0.0,0.0,0.0,0.0,0.0,11.0,8.0,6.0,0.0,0.0,0.0,25.0,4.29,7.23,6.579999999999999,2.86,4.960000000000001,7.91,6.050000000000001,8.4,6.5,6.9300000000000015,3.5300000000000002,2.86,68.1,18.0,19.0,15.0,6.0,0.0,0.0,0.0,0.0,0.0,0.0,12.0,28.0,98.0,0.0,0.0,0.0,0.0,0.0,1.0,2.0,2.0,0.0,0.0,0.0,0.0,5.0,4.01,3.16,2.7300000000000004,4.01,2.9499999999999997,0.8300000000000001,5.370000000000001,3.3800000000000003,6.26,1.9100000000000001,7.1000000000000005,4.5,46.21,22.0,23.0,18.0,5.0,0.0,0.0,0.0,0.0,0.0,9.0,11.0,22.0,110.0,0.0,0.0,0.0,0.0,0.0,14.0,13.0,14.0,0.0,0.0,0.0,0.0,41.0,3.8600000000000003,4.1000000000000005,2.62,3.0799999999999996,3.2600000000000002,1.74,5.58,4.590000000000001,4.12,0.19,3.6899999999999995,6.27,43.099999999999994,24.0,17.0,12.0,4.0,0.0,0.0,0.0,0.0,0.0,9.0,12.0,19.0,97.0,0.0,0.0,0.0,0.0,0.0,1.0,8.0,15.0,0.0,0.0,0.0,0.0,24.0,0.12999999999999998,6.02,1.8599999999999999,1.1,3.53,3.92,1.48,3.0,4.2700000000000005,3.22,10.05,3.6399999999999997,42.22,23.0,13.0,16.0,4.0,1.0,0.0,0.0,0.0,0.0,0.0,5.0,19.0,81.0,0.0,0.0,0.0,0.0,0.0,2.0,20.0,2.0,0.0,0.0,0.0,0.0,24.0
1996,kentucky,5.66,3.05,6.109999999999999,5.390000000000001,5.220000000000001,4.38,6.449999999999999,5.049999999999999,6.22,3.83,6.74,4.24,62.339999999999996,25.0,17.0,22.0,14.0,0.0,0.0,0.0,0.0,0.0,3.0,18.0,19.0,118.0,0.0,0.0,0.0,0.0,0.0,1.0,2.0,1.0,0.0,0.0,0.0,0.0,4.0,5.6499999999999995,3.6699999999999995,3.54,3.1599999999999997,11.250000000000002,5.069999999999999,2.2199999999999998,4.699999999999999,3.0,5.840000000000001,5.1499999999999995,2.11,55.36000000000001,21.0,21.0,10.0,4.0,0.0,0.0,0.0,0.0,0.0,0.0,19.0,23.0,98.0,0.0,0.0,0.0,0.0,0.0,0.0,7.0,18.0,1.0,0.0,0.0,0.0,26.0,6.929999999999999,7.32,10.16,5.619999999999999,5.170000000000001,4.97,8.98,4.6499999999999995,2.3699999999999997,2.56,3.66,2.63,65.02,21.0,19.0,17.0,6.0,0.0,0.0,0.0,0.0,0.0,3.0,7.0,20.0,93.0,0.0,0.0,0.0,0.0,0.0,4.0,1.0,0.0,0.0,0.0,0.0,0.0,5.0,3.3099999999999996,3.47,5.68,4.140000000000001,4.68,2.1199999999999997,2.17,4.499999999999999,3.5300000000000002,3.05,3.34,6.47,46.459999999999994,21.0,23.0,14.0,4.0,0.0,0.0,0.0,0.0,0.0,2.0,17.0,21.0,102.0,0.0,0.0,0.0,0.0,0.0,0.0,14.0,12.0,2.0,0.0,0.0,0.0,28.0,4.03,3.2799999999999994,5.33,1.84,4.409999999999999,6.6899999999999995,3.53,5.869999999999999,4.04,1.5900000000000003,3.89,4.67,49.17,22.0,15.0,16.0,7.0,0.0,0.0,0.0,0.0,0.0,2.0,11.0,19.0,92.0,0.0,0.0,0.0,0.0,0.0,0.0,1.0,0.0,0.0,0.0,0.0,0.0,1.0,3.8899999999999997,5.3999999999999995,5.7299999999999995,3.0799999999999996,5.529999999999999,1.5099999999999998,2.8,3.4100000000000006,2.3400000000000003,2.41,2.8399999999999994,8.899999999999999,47.83999999999999,22.0,20.0,10.0,1.0,0.0,0.0,0.0,0.0,0.0,4.0,15.0,15.0,87.0,0.0,0.0,0.0,0.0,0.0,0.0,6.0,8.0,5.0,0.0,0.0,0.0,19.0
2001,kentucky,3.38,5.8,3.4899999999999998,2.06,2.5799999999999996,5.5200000000000005,7.09,3.4799999999999995,2.4899999999999998,3.2200000000000006,2.29,4.39,45.79,26.0,18.0,19.0,3.0,0.0,0.0,0.0,0.0,0.0,7.0,9.0,13.0,95.0,0.0,0.0,0.0,0.0,0.0,0.0,4.0,0.0,0.0,0.0,0.0,0.0,4.0,4.3,3.7600000000000002,4.129999999999999,6.769999999999999,6.319999999999999,3.9899999999999998,5.340000000000001,3.56,2.4,0.77,2.13,4.75,48.220000000000006,25.0,16.0,13.0,4.0,0.0,0.0,0.0,0.0,0.0,5.0,14.0,26.0,103.0,0.0,0.0,0.0,0.0,0.0,0.0,3.0,3.0,0.0,0.0,0.0,0.0,6.0,6.3500000000000005,3.83,2.87,5.21,3.2999999999999994,5.789999999999999,1.06,1.1400000000000001,2.36,2.5999999999999996,3.02,2.5100000000000002,40.04,19.0,18.0,21.0,0.0,0.0,0.0,0.0,0.0,0.0,2.0,11.0,20.0,91.0,0.0,0.0,0.0,0.0,0.0,2.0,12.0,12.0,9.0,0.0,0.0,0.0,35.0,5.63,4.47,3.39,9.09,4.07,10.66,4.48,1.6400000000000001,0.32,1.17,1.9400000000000002,8.200000000000001,55.06000000000001,12.0,16.0,13.0,5.0,0.0,0.0,0.0,0.0,0.0,3.0,11.0,17.0,77.0,0.0,0.0,0.0,0.0,0.0,4.0,2.0,1.0,12.0,0.0,0.0,0.0,19.0,4.04,3.27,11.949999999999998,1.36,5.800000000000001,7.1,2.8899999999999997,3.12,2.5200000000000005,2.23,3.2399999999999998,3.12,50.63999999999999,21.0,14.0,10.0,11.0,0.0,0.0,0.0,0.0,0.0,6.0,13.0,20.0,95.0,0.0,0.0,0.0,0.0,0.0,0.0,8.0,2.0,2.0,0.0,0.0,0.0,12.0,5.66,3.05,6.109999999999999,5.390000000000001,5.220000000000001,4.38,6.449999999999999,5.049999999999999,6.22,3.83,6.74,4.24,62.339999999999996,25.0,17.0,22.0,14.0,0.0,0.0,0.0,0.0,0.0,3.0,18.0,19.0,118.0,0.0,0.0,0.0,0.0,0.0,1.0,2.0,1.0,0.0,0.0,0.0,0.0,4.0
2006,kentucky,6.83,2.8,1.9400000000000002,4.159999999999999,4.33,2.6000000000000005,3.11,6.58,7.52,3.3099999999999996,2.0700000000000003,2.0500000000000003,47.29999999999999,15.0,22.0,14.0,2.0,0.0,0.0,0.0,0.0,0.0,9.0,11.0,14.0,87.0,0.0,0.0,0.0,0.0,1.0,2.0,8.0,8.0,0.0,0.0,0.0,0.0,19.0,4.91,3.3600000000000003,3.7199999999999998,6.26,2.02,2.91,3.78,3.6,0.6300000000000001,1.05,3.9400000000000004,2.71,38.89,14.0,14.0,16.0,0.0,0.0,0.0,0.0,0.0,0.0,5.0,12.0,22.0,83.0,0.0,0.0,0.0,0.0,0.0,3.0,4.0,13.0,5.0,0.0,0.0,0.0,25.0,3.95,5.09,5.35,5.0,6.12,5.25,3.02,5.05,6.3100000000000005,2.95,3.34,7.25,58.68000000000001,26.0,23.0,10.0,3.0,0.0,0.0,0.0,0.0,0.0,0.0,7.0,20.0,89.0,0.0,0.0,0.0,0.0,0.0,0.0,0.0,0.0,0.0,0.0,0.0,0.0,0.0,2.1500000000000004,7.419999999999999,1.8900000000000006,5.869999999999999,5.539999999999999,5.199999999999999,4.82,5.32,8.04,1.77,6.040000000000001,4.0,58.06,25.0,19.0,8.0,1.0,0.0,0.0,0.0,0.0,0.0,2.0,8.0,22.0,85.0,0.0,0.0,0.0,0.0,0.0,0.0,0.0,0.0,0.0,0.0,0.0,0.0,0.0,6.300000000000001,1.83,7.55,2.86,4.949999999999999,4.76,4.4399999999999995,2.4699999999999998,6.130000000000001,4.959999999999999,3.3400000000000003,5.54,55.13,25.0,22.0,16.0,5.0,0.0,0.0,0.0,0.0,0.0,0.0,9.0,19.0,96.0,0.0,0.0,0.0,0.0,0.0,1.0,5.0,10.0,6.0,0.0,0.0,0.0,22.0,3.38,5.8,3.4899999999999998,2.06,2.5799999999999996,5.5200000000000005,7.09,3.4799999999999995,2.4899999999999998,3.2200000000000006,2.29,4.39,45.79,26.0,18.0,19.0,3.0,0.0,0.0,0.0,0.0,0.0,7.0,9.0,13.0,95.0,0.0,0.0,0.0,0.0,0.0,0.0,4.0,0.0,0.0,0.0,0.0,0.0,4.0
2011,kentucky,2.12,4.14,6.54,9.489999999999998,6.78,4.29,1.94,2.18,6.58,3.5200000000000005,7.79,4.970000000000001,60.339999999999996,17.0,18.0,2.0,2.0,0.0,0.0,0.0,0.0,0.0,2.0,7.0,17.0,65.0,0.0,0.0,0.0,0.0,1.0,4.0,11.0,12.0,4.0,0.0,0.0,0.0,32.0,5.88,2.9999999999999996,1.79,4.62,8.42,2.4699999999999998,5.8999999999999995,6.54,3.44,1.9100000000000001,4.77,3.5100000000000002,52.24999999999999,24.0,24.0,9.0,0.0,0.0,0.0,0.0,0.0,0.0,2.0,7.0,27.0,93.0,0.0,0.0,0.0,0.0,0.0,10.0,10.0,12.0,1.0,0.0,0.0,0.0,33.0,6.390000000000001,3.07,5.109999999999999,5.24,0.0,6.050000000000001,5.05,1.18,4.87,4.63,0.92,4.8,47.31,25.0,19.0,13.0,2.0,0.0,0.0,0.0,0.0,0.0,3.0,8.0,23.0,93.0,0.0,0.0,0.0,0.0,0.0,1.0,0.0,0.0,0.0,0.0,0.0,0.0,1.0,2.7,3.1100000000000003,4.58,5.840000000000001,3.4400000000000004,1.65,3.2899999999999996,2.69,0.46,1.46,2.9599999999999995,6.710000000000001,38.89,25.0,18.0,14.0,2.0,0.0,0.0,0.0,0.0,0.0,3.0,13.0,21.0,96.0,0.0,0.0,0.0,0.0,0.0,3.0,5.0,3.0,2.0,0.0,0.0,0.0,13.0,3.1799999999999997,1.78,3.3099999999999996,3.3900000000000006,2.9800000000000004,2.39,5.409999999999999,1.11,1.0999999999999999,2.37,3.8400000000000003,4.5,35.36,18.0,25.0,10.0,8.0,0.0,0.0,0.0,0.0,0.0,3.0,17.0,16.0,97.0,0.0,0.0,0.0,0.0,0.0,2.0,3.0,26.0,8.0,2.0,0.0,0.0,41.0,6.83,2.8,1.9400000000000002,4.159999999999999,4.33,2.6000000000000005,3.11,6.58,7.52,3.3099999999999996,2.0700000000000003,2.0500000000000003,47.29999999999999,15.0,22.0,14.0,2.0,0.0,0.0,0.0,0.0,0.0,9.0,11.0,14.0,87.0,0.0,0.0,0.0,0.0,1.0,2.0,8.0,8.0,0.0,0.0,0.0,0.0,19.0
1991,michigan,1.2500000000000002,0.6100000000000001,2.28,4.84,6.24,1.52,3.9899999999999998,2.64,5.03,10.48,2.02,1.8200000000000003,42.720000000000006,31.0,26.0,28.0,13.0,5.0,0.0,0.0,0.0,3.0,7.0,26.0,29.0,168.0,0.0,0.0,0.0,0.0,0.0,2.0,2.0,3.0,0.0,0.0,0.0,0.0,7.0,3.27,1.1300000000000001,2.4699999999999998,1.81,4.2,4.720000000000001,2.93,3.23,4.159999999999999,4.42,2.82,1.5400000000000003,36.7,31.0,27.0,23.0,18.0,7.0,1.0,0.0,0.0,3.0,17.0,22.0,29.0,178.0,0.0,0.0,0.0,0.0,0.0,0.0,1.0,0.0,0.0,0.0,0.0,0.0,1.0,1.25,0.8200000000000001,2.8400000000000003,1.3000000000000003,3.4299999999999997,4.6899999999999995,1.33,4.19,2.1399999999999997,2.3400000000000003,2.84,0.8300000000000001,28.0,31.0,28.0,29.0,22.0,8.0,0.0,0.0,0.0,9.0,15.0,23.0,31.0,196.0,0.0,0.0,0.0,0.0,0.0,0.0,1.0,0.0,0.0,0.0,0.0,0.0,1.0,1.2200000000000002,1.2,2.0599999999999996,2.52,1.62,2.209999999999999,5.260000000000001,5.359999999999999,3.18,5.67,6.21,1.5700000000000003,38.08,29.0,29.0,30.0,24.0,13.0,3.0,0.0,0.0,0.0,13.0,20.0,30.0,191.0,0.0,0.0,0.0,0.0,0.0,7.0,8.0,6.0,0.0,0.0,0.0,0.0,21.0,1.08,0.6000000000000001,0.7200000000000001,1.22,2.19,4.53,1.6,9.030000000000001,3.9,3.68,1.9600000000000002,2.34,32.849999999999994,31.0,28.0,28.0,15.0,7.0,1.0,0.0,0.0,2.0,20.0,23.0,31.0,186.0,0.0,0.0,0.0,0.0,0.0,3.0,11.0,2.0,0.0,0.0,0.0,0.0,16.0,0.9800000000000002,1.4000000000000004,1.9100000000000001,2.04,3.6200000000000006,4.96,4.87,1.8400000000000003,12.51,3.1599999999999997,0.85,0.96,39.1,31.0,28.0,27.0,12.0,4.0,1.0,0.0,2.0,5.0,16.0,27.0,31.0,184.0,0.0,0.0,0.0,0.0,0.0,0.0,3.0,0.0,0.0,0.0,0.0,0.0,3.0
1996,michigan,1.8299999999999998,1.84,0.5900000000000001,2.45,1.93,4.529999999999999,5.080000000000001,1.77,5.06,3.4000000000000004,1.81,2.09,32.379999999999995,30.0,29.0,30.0,23.0,13.0,0.0,0.0,0.0,0.0,16.0,26.0,30.0,197.0,0.0,0.0,0.0,0.0,0.0,0.0,0.0,1.0,0.0,0.0,0.0,0.0,1.0,2.4299999999999997,0.37,1.89,4.54,1.9900000000000002,2.7399999999999998,4.08,4.58,2.12,5.27,4.76,2.3099999999999996,37.08,30.0,28.0,29.0,23.0,5.0,0.0,0.0,0.0,6.0,7.0,28.0,31.0,187.0,0.0,0.0,0.0,0.0,0.0,5.0,2.0,1.0,0.0,0.0,0.0,0.0,8.0,1.6300000000000001,1.11,1.6800000000000002,5.12,3.2399999999999998,3.79,9.92,4.37,3.47,2.42,3.7800000000000002,0.45,40.98000000000001,31.0,26.0,31.0,22.0,9.0,0.0,0.0,0.0,0.0,9.0,20.0,29.0,177.0,0.0,0.0,0.0,0.0,0.0,4.0,0.0,0.0,0.0,0.0,0.0,0.0,4.0,1.6500000000000004,0.7100000000000001,0.43000000000000005,4.84,3.44,6.76,2.43,6.010000000000001,4.66,2.549999999999999,2.26,0.8400000000000001,36.58,30.0,28.0,30.0,23.0,5.0,0.0,0.0,0.0,7.0,15.0,23.0,30.0,191.0,0.0,0.0,0.0,0.0,0.0,0.0,2.0,0.0,0.0,0.0,0.0,0.0,2.0,1.2900000000000003,1.68,1.79,5.339999999999999,0.5900000000000001,2.2300000000000004,3.9000000000000004,2.33,4.989999999999999,3.2299999999999995,5.3500000000000005,1.5499999999999998,34.269999999999996,31.0,29.0,27.0,20.0,9.0,1.0,0.0,0.0,6.0,21.0,25.0,30.0,199.0,0.0,0.0,0.0,0.0,0.0,0.0,0.0,0.0,0.0,0.0,0.0,0.0,0.0,1.2500000000000002,0.6100000000000001,2.28,4.84,6.24,1.52,3.9899999999999998,2.64,5.03,10.48,2.02,1.8200000000000003,42.720000000000006,31.0,26.0,28.0,13.0,5.0,0.0,0.0,0.0,3.0,7.0,26.0,29.0,168.0,0.0,0.0,0.0,0.0,0.0,2.0,2.0,3.0,0.0,0.0,0.0,0.0,7.0
2001,michigan,1.09,2.5100000000000002,0.6100000000000001,5.1,6.109999999999999,2.7800000000000002,0.8500000000000002,2.5100000000000002,4.080000000000001,6.27,2.08,2.0700000000000003,36.06,31.0,28.0,31.0,16.0,3.0,0.0,0.0,0.0,0.0,7.0,17.0,23.0,156.0,0.0,0.0,0.0,0.0,0.0,0.0,2.0,6.0,0.0,0.0,0.0,0.0,8.0,1.43,0.8999999999999999,1.3099999999999998,1.1500000000000001,4.260000000000001,5.319999999999999,2.0900000000000003,2.5099999999999993,2.6399999999999997,1.18,3.1,1.4800000000000002,27.37,29.0,24.0,22.0,24.0,4.0,0.0,0.0,0.0,5.0,16.0,22.0,31.0,177.0,0.0,0.0,0.0,0.0,0.0,0.0,0.0,0.0,0.0,0.0,0.0,0.0,0.0,2.9,1.05,0.55,1.9400000000000002,1.8300000000000003,5.9399999999999995,4.859999999999999,1.24,2.62,3.2800000000000002,0.7600000000000001,2.25,29.220000000000002,31.0,28.0,30.0,15.0,4.0,0.0,0.0,0.0,6.0,12.0,20.0,28.0,174.0,0.0,0.0,0.0,0.0,0.0,0.0,3.0,0.0,0.0,0.0,0.0,0.0,3.0,2.09,0.71,4.17,2.14,2.02,3.26,1.4300000000000002,1.1400000000000001,2.02,3.82,2.68,1.67,27.15,29.0,26.0,25.0,20.0,2.0,2.0,0.0,0.0,0.0,9.0,17.0,25.0,155.0,0.0,0.0,0.0,0.0,0.0,0.0,1.0,0.0,0.0,0.0,0.0,0.0,1.0,2.0899999999999994,2.12,1.9700000000000002,0.63,3.67,1.02,3.4499999999999997,4.44,2.04,2.27,1.4900000000000002,0.38,25.569999999999997,31.0,27.0,30.0,25.0,12.0,0.0,0.0,0.0,4.0,16.0,24.0,30.0,199.0,0.0,0.0,0.0,0.0,0.0,1.0,1.0,0.0,0.0,0.0,0.0,0.0,2.0,1.8299999999999998,1.84,0.5900000000000001,2.45,1.93,4.529999999999999,5.080000000000001,1.77,5.06,3.4000000000000004,1.81,2.09,32.379999999999995,30.0,29.0,30.0,23.0,13.0,0.0,0.0,0.0,0.0,16.0,26.0,30.0,197.0,0.0,0.0,0.0,0.0,0.0,0.0,0.0,1.0,0.0,0.0,0.0,0.0,1.0
2006,michigan,3.06,2.16,1.9899999999999998,2.88,4.51,4.699999999999999,5.62,3.7399999999999998,3.3499999999999996,6.849999999999999,1.7999999999999998,2.09,42.75,28.0,28.0,30.0,20.0,4.0,0.0,0.0,0.0,3.0,19.0,23.0,26.0,181.0,0.0,0.0,0.0,0.0,1.0,1.0,2.0,2.0,0.0,0.0,0.0,0.0,6.0,2.8599999999999994,1.02,1.33,1.33,2.2,2.5000000000000004,4.35,4.6899999999999995,4.21,0.8500000000000001,5.069999999999999,1.5100000000000002,31.92,31.0,27.0,30.0,21.0,9.0,0.0,0.0,0.0,0.0,12.0,24.0,28.0,182.0,0.0,0.0,0.0,0.0,0.0,3.0,2.0,0.0,0.0,0.0,0.0,0.0,5.0,2.51,1.36,2.28,2.9499999999999997,5.0200000000000005,1.3100000000000003,2.37,2.5700000000000003,0.8700000000000001,4.180000000000001,2.3400000000000003,3.1900000000000004,30.950000000000003,30.0,29.0,22.0,18.0,6.0,0.0,0.0,0.0,1.0,6.0,20.0,30.0,162.0,0.0,0.0,0.0,0.0,0.0,0.0,0.0,0.0,0.0,0.0,0.0,0.0,0.0,1.01,0.8599999999999999,1.57,3.32,2.8099999999999996,2.25,2.8600000000000003,4.409999999999999,2.1900000000000004,3.56,5.949999999999999,1.8000000000000003,32.589999999999996,31.0,28.0,25.0,23.0,6.0,0.0,0.0,0.0,0.0,15.0,19.0,29.0,176.0,0.0,0.0,0.0,0.0,0.0,1.0,0.0,0.0,0.0,0.0,0.0,0.0,1.0,0.7400000000000001,2.66,2.6999999999999997,3.04,4.32,2.1100000000000003,2.08,3.0900000000000003,0.75,2.94,0.97,0.71,26.11,30.0,26.0,29.0,21.0,9.0,0.0,0.0,0.0,2.0,19.0,28.0,31.0,195.0,0.0,0.0,0.0,0.0,0.0,0.0,5.0,0.0,2.0,0.0,0.0,0.0,7.0,1.09,2.5100000000000002,0.6100000000000001,5.1,6.109999999999999,2.7800000000000002,0.8500000000000002,2.5100000000000002,4.080000000000001,6.27,2.08,2.0700000000000003,36.06,31.0,28.0,31.0,16.0,3.0,0.0,0.0,0.0,0.0,7.0,17.0,23.0,156.0,0.0,0.0,0.0,0.0,0.0,0.0,2.0,6.0,0.0,0.0,0.0,0.0,8.0
2011,michigan,1.11,0.66,1.85,5.72,2.9299999999999997,3.01,1.26,3.04,5.1899999999999995,4.1499999999999995,2.96,1.09,32.97,30.0,27.0,29.0,23.0,5.0,0.0,0.0,0.0,2.0,12.0,18.0,29.0,175.0,0.0,0.0,0.0,0.0,0.0,1.0,5.0,0.0,0.0,0.0,0.0,0.0,6.0,0.54,0.44,0.35000000000000003,0.0,2.52,6.239999999999999,3.24,3.2399999999999998,5.289999999999999,1.8900000000000001,0.9,0.9800000000000002,25.63,30.0,28.0,24.0,0.0,3.0,0.0,0.0,0.0,1.0,11.0,19.0,30.0,146.0,0.0,0.0,0.0,0.0,2.0,0.0,0.0,0.0,0.0,0.0,0.0,0.0,2.0,0.9700000000000001,1.99,1.28,2.54,2.7599999999999993,2.92,2.3900000000000006,3.7400000000000007,3.4099999999999997,4.97,1.28,1.7100000000000002,29.96,31.0,26.0,29.0,20.0,10.0,2.0,0.0,0.0,0.0,11.0,22.0,29.0,180.0,0.0,0.0,0.0,0.0,0.0,1.0,0.0,0.0,0.0,0.0,0.0,0.0,1.0,2.8800000000000003,1.96,1.03,3.66,3.12,9.63,1.49,1.9100000000000001,2.8899999999999997,2.3699999999999997,2.24,3.78,36.96,28.0,29.0,30.0,15.0,9.0,0.0,0.0,0.0,0.0,14.0,23.0,31.0,179.0,0.0,0.0,0.0,0.0,0.0,0.0,0.0,0.0,0.0,0.0,0.0,0.0,0.0,1.46,0.89,2.02,2.2399999999999998,2.22,4.34,1.01,5.88,2.69,2.0399999999999996,1.53,2.16,28.48,28.0,28.0,26.0,19.0,8.0,1.0,0.0,0.0,4.0,11.0,25.0,30.0,180.0,0.0,0.0,0.0,0.0,0.0,0.0,2.0,3.0,0.0,0.0,0.0,0.0,5.0,3.06,2.16,1.9899999999999998,2.88,4.51,4.699999999999999,5.62,3.7399999999999998,3.3499999999999996,6.849999999999999,1.7999999999999998,2.09,42.75,28.0,28.0,30.0,20.0,4.0,0.0,0.0,0.0,3.0,19.0,23.0,26.0,181.0,0.0,0.0,0.0,0.0,1.0,1.0,2.0,2.0,0.0,0.0,0.0,0.0,6.0
1991,louisiana,4.92,7.66,2.7800000000000002,16.639999999999997,8.049999999999999,2.74,4.75,3.5,3.58,5.949999999999999,2.42,4.78,67.77,11.0,10.0,2.0,0.0,0.0,0.0,0.0,0.0,0.0,0.0,11.0,7.0,41.0,0.0,0.0,0.0,0.0,1.0,13.0,26.0,22.0,12.0,0.0,0.0,0.0,74.0,10.84,6.18,7.84,2.25,8.73,5.43,1.07,2.6599999999999997,2.05,1.91,6.489999999999999,8.71,64.16,9.0,2.0,1.0,0.0,0.0,0.0,0.0,0.0,0.0,0.0,1.0,11.0,24.0,0.0,0.0,0.0,1.0,0.0,22.0,23.0,25.0,20.0,4.0,0.0,0.0,95.0,6.489999999999999,5.3999999999999995,6.74,1.42,21.4,12.469999999999999,6.83,1.07,1.7400000000000002,1.1500000000000001,2.13,4.23,71.07,5.0,12.0,6.0,2.0,0.0,0.0,0.0,0.0,0.0,2.0,6.0,23.0,56.0,0.0,0.0,0.0,0.0,7.0,4.0,14.0,17.0,11.0,2.0,0.0,0.0,55.0,3.7899999999999996,3.1500000000000004,7.140000000000001,3.2299999999999995,1.56,0.54,4.71,1.3800000000000001,2.86,5.99,4.739999999999999,6.28,45.37,17.0,9.0,4.0,0.0,0.0,0.0,0.0,0.0,0.0,0.0,5.0,12.0,47.0,0.0,0.0,0.0,0.0,5.0,24.0,22.0,25.0,8.0,0.0,0.0,0.0,84.0,4.529999999999999,11.46,2.3799999999999994,0.41000000000000003,4.09,6.37,2.6899999999999995,2.22,2.24,2.1799999999999997,10.079999999999998,7.409999999999999,56.059999999999995,17.0,5.0,3.0,5.0,0.0,0.0,0.0,0.0,0.0,0.0,7.0,9.0,46.0,0.0,0.0,0.0,5.0,2.0,5.0,20.0,25.0,11.0,0.0,0.0,0.0,68.0,0.81,3.85,2.9499999999999997,5.029999999999999,3.56,4.67,0.8899999999999999,3.09,2.5,7.4300000000000015,11.659999999999997,4.29,50.73,18.0,9.0,5.0,0.0,0.0,0.0,0.0,0.0,0.0,0.0,2.0,9.0,43.0,0.0,0.0,0.0,0.0,1.0,13.0,29.0,24.0,16.0,5.0,0.0,0.0,88.0
1996,louisiana,3.0900000000000003,0.48000000000000004,1.7000000000000002,5.289999999999999,1.81,6.77,6.929999999999999,4.910000000000001,9.25,1.17,4.380000000000001,4.08,49.86000000000001,18.0,12.0,11.0,1.0,0.0,0.0,0.0,0.0,0.0,0.0,3.0,9.0,54.0,0.0,0.0,0.0,0.0,5.0,14.0,22.0,16.0,5.0,0.0,0.0,0.0,62.0,5.499999999999999,4.29,5.69,9.55,3.69,2.1500000000000004,6.71,1.13,3.63,0.66,1.7600000000000002,7.13,51.89000000000001,11.0,9.0,4.0,0.0,0.0,0.0,0.0,0.0,0.0,0.0,6.0,13.0,43.0,0.0,0.0,0.0,0.0,2.0,16.0,22.0,29.0,15.0,0.0,0.0,0.0,84.0,5.8,6.34,5.08,4.239999999999999,3.1199999999999997,2.88,6.0600000000000005,4.03,1.83,0.0,5.640000000000001,3.87,48.88999999999999,16.0,13.0,4.0,0.0,0.0,0.0,0.0,0.0,0.0,0.0,0.0,9.0,42.0,0.0,0.0,0.0,0.0,0.0,20.0,20.0,20.0,8.0,0.0,0.0,0.0,68.0,5.26,3.78,3.87,6.8999999999999995,1.8900000000000003,10.04,1.02,1.51,1.11,3.83,4.5200000000000005,2.7,46.43,6.0,8.0,5.0,0.0,0.0,0.0,0.0,0.0,0.0,1.0,9.0,12.0,41.0,0.0,0.0,0.0,0.0,0.0,13.0,31.0,30.0,22.0,0.0,0.0,0.0,96.0,4.16,6.11,4.08,3.8599999999999994,2.64,7.1,1.88,2.43,3.55,4.42,5.49,4.77,50.49000000000001,11.0,2.0,2.0,0.0,0.0,0.0,0.0,0.0,0.0,0.0,4.0,4.0,23.0,0.0,0.0,0.0,0.0,0.0,9.0,21.0,11.0,9.0,0.0,0.0,0.0,50.0,4.92,7.66,2.7800000000000002,16.639999999999997,8.049999999999999,2.74,4.75,3.5,3.58,5.949999999999999,2.42,4.78,67.77,11.0,10.0,2.0,0.0,0.0,0.0,0.0,0.0,0.0,0.0,11.0,7.0,41.0,0.0,0.0,0.0,0.0,1.0,13.0,26.0,22.0,12.0,0.0,0.0,0.0,74.0
2001,louisiana,6.27,8.790000000000001,9.620000000000001,4.1899999999999995,0.77,4.76,3.04,4.58,4.0200000000000005,4.85,7.6,10.219999999999999,68.71000000000001,15.0,7.0,0.0,0.0,0.0,0.0,0.0,0.0,0.0,0.0,2.0,6.0,30.0,0.0,0.0,0.0,0.0,0.0,6.0,20.0,21.0,0.0,0.0,0.0,0.0,47.0,2.29,2.16,8.48,6.420000000000001,7.12,5.57,1.2799999999999998,1.79,5.34,1.23,7.92,4.7700000000000005,54.370000000000005,14.0,7.0,0.0,0.0,0.0,0.0,0.0,0.0,0.0,0.0,4.0,23.0,48.0,0.0,0.0,0.0,0.0,6.0,8.0,20.0,30.0,11.0,0.0,0.0,0.0,75.0,14.689999999999998,0.67,6.270000000000001,3.79,2.88,3.8300000000000005,4.870000000000001,0.45999999999999996,3.58,2.3,1.1199999999999999,3.89,48.349999999999994,13.0,5.0,5.0,0.0,0.0,0.0,0.0,0.0,0.0,0.0,2.0,17.0,42.0,0.0,0.0,0.0,1.0,0.0,16.0,28.0,31.0,13.0,0.0,0.0,0.0,89.0,9.51,6.369999999999999,4.48,2.3800000000000003,1.18,1.87,2.9000000000000004,4.869999999999999,7.709999999999999,3.07,5.22,7.199999999999999,56.75999999999999,1.0,0.0,4.0,0.0,0.0,0.0,0.0,0.0,0.0,0.0,0.0,11.0,16.0,0.0,0.0,0.0,0.0,4.0,26.0,29.0,21.0,11.0,1.0,0.0,0.0,92.0,8.32,7.86,6.04,9.17,7.140000000000001,2.64,2.6999999999999997,2.37,1.1,6.410000000000001,3.6799999999999997,6.4,63.830000000000005,16.0,2.0,0.0,0.0,0.0,0.0,0.0,0.0,0.0,0.0,1.0,4.0,23.0,0.0,0.0,0.0,0.0,1.0,10.0,27.0,19.0,15.0,1.0,0.0,0.0,73.0,3.0900000000000003,0.48000000000000004,1.7000000000000002,5.289999999999999,1.81,6.77,6.929999999999999,4.910000000000001,9.25,1.17,4.380000000000001,4.08,49.86000000000001,18.0,12.0,11.0,1.0,0.0,0.0,0.0,0.0,0.0,0.0,3.0,9.0,54.0,0.0,0.0,0.0,0.0,5.0,14.0,22.0,16.0,5.0,0.0,0.0,0.0,62.0
2006,louisiana,5.449999999999999,6.8,5.499999999999999,4.34,3.8899999999999997,1.78,1.08,0.7100000000000001,2.0699999999999994,8.75,3.36,7.37,51.1,5.0,8.0,0.0,0.0,0.0,0.0,0.0,0.0,0.0,0.0,5.0,10.0,28.0,0.0,0.0,0.0,1.0,5.0,12.0,19.0,26.0,7.0,4.0,0.0,0.0,74.0,5.5600000000000005,6.44,3.4899999999999998,3.3,6.029999999999999,1.6300000000000001,2.7800000000000002,5.640000000000001,3.2,0.0,2.08,2.88,43.03000000000001,8.0,6.0,2.0,0.0,0.0,0.0,0.0,0.0,0.0,0.0,5.0,12.0,33.0,0.0,0.0,0.0,0.0,4.0,17.0,22.0,29.0,20.0,0.0,0.0,0.0,92.0,3.87,8.719999999999999,4.22,2.36,9.93,8.86,2.3200000000000003,4.3199999999999985,0.31,6.989999999999999,10.52,4.18,66.6,16.0,12.0,0.0,0.0,0.0,0.0,0.0,0.0,0.0,0.0,0.0,12.0,40.0,0.0,0.0,0.0,0.0,1.0,6.0,15.0,9.0,3.0,0.0,0.0,0.0,34.0,0.59,7.199999999999999,2.42,4.24,7.679999999999999,4.66,2.9400000000000004,5.25,4.72,1.98,6.49,2.43,50.6,21.0,12.0,1.0,1.0,0.0,0.0,0.0,0.0,0.0,0.0,4.0,14.0,53.0,0.0,0.0,0.0,0.0,1.0,8.0,20.0,27.0,1.0,0.0,0.0,0.0,57.0,8.6,3.35,8.84,3.5100000000000007,3.71,2.9499999999999997,3.04,2.1499999999999995,2.8499999999999996,5.55,4.39,7.49,56.43,14.0,10.0,6.0,0.0,0.0,0.0,0.0,0.0,0.0,0.0,5.0,11.0,46.0,0.0,0.0,0.0,1.0,0.0,9.0,17.0,26.0,15.0,1.0,0.0,0.0,69.0,6.27,8.790000000000001,9.620000000000001,4.1899999999999995,0.77,4.76,3.04,4.58,4.0200000000000005,4.85,7.6,10.219999999999999,68.71000000000001,15.0,7.0,0.0,0.0,0.0,0.0,0.0,0.0,0.0,0.0,2.0,6.0,30.0,0.0,0.0,0.0,0.0,0.0,6.0,20.0,21.0,0.0,0.0,0.0,0.0,47.0
2011,louisiana,4.76,2.3000000000000003,1.7900000000000003,4.39,1.4600000000000002,2.9899999999999998,1.97,2.7,1.76,2.74,3.95,8.49,39.3,16.0,12.0,3.0,0.0,0.0,0.0,0.0,0.0,0.0,2.0,3.0,14.0,50.0,0.0,0.0,0.0,0.0,5.0,24.0,21.0,29.0,14.0,0.0,0.0,0.0,93.0,4.140000000000001,2.8899999999999997,2.7699999999999996,1.34,2.1900000000000004,2.64,4.62,6.619999999999999,1.1500000000000001,0.9299999999999999,5.31,0.38,34.980000000000004,15.0,17.0,3.0,0.0,0.0,0.0,0.0,0.0,0.0,0.0,4.0,16.0,55.0,0.0,0.0,0.0,0.0,3.0,25.0,22.0,24.0,22.0,3.0,0.0,0.0,99.0,2.9699999999999993,1.82,6.81,3.1500000000000004,6.55,0.85,5.430000000000001,3.5799999999999996,8.12,21.35,2.12,5.7700000000000005,68.52,15.0,10.0,4.0,0.0,0.0,0.0,0.0,0.0,0.0,0.0,2.0,15.0,46.0,0.0,0.0,0.0,0.0,0.0,17.0,16.0,5.0,2.0,0.0,0.0,0.0,40.0,1.8200000000000003,5.43,2.91,2.1,5.2299999999999995,3.1800000000000006,0.30000000000000004,9.02,9.44,1.9,3.6799999999999993,6.0,51.01,9.0,10.0,3.0,1.0,0.0,0.0,0.0,0.0,0.0,3.0,9.0,14.0,49.0,0.0,0.0,0.0,0.0,3.0,20.0,28.0,14.0,1.0,0.0,0.0,0.0,66.0,8.75,1.69,1.03,5.62,3.96,3.6,8.479999999999999,0.27,2.4699999999999998,1.9200000000000002,2.9699999999999998,4.07,44.830000000000005,9.0,6.0,2.0,0.0,0.0,0.0,0.0,0.0,0.0,0.0,3.0,12.0,32.0,0.0,0.0,0.0,0.0,0.0,15.0,4.0,22.0,4.0,0.0,0.0,0.0,45.0,5.449999999999999,6.8,5.499999999999999,4.34,3.8899999999999997,1.78,1.08,0.7100000000000001,2.0699999999999994,8.75,3.36,7.37,51.1,5.0,8.0,0.0,0.0,0.0,0.0,0.0,0.0,0.0,0.0,5.0,10.0,28.0,0.0,0.0,0.0,1.0,5.0,12.0,19.0,26.0,7.0,4.0,0.0,0.0,74.0
